beer_id,beer_name,mash_type,brewer,batch_size,boil_size,efficiency
citripa,[u'Citripa'],[u'All Grain'],[u'Marcel Woodman'],[u'20.81976479'],[u'23.658823625'],[u'75.0']
oatmeal-chocolate-milk-stout-1,[u'Oatmeal Chocolate Milk Stout'],[u'All Grain'],[u'mattc'],[u'18.9270589'],[u'23.658823625'],[u'75.0']
honey-citra-pale,[u'Honey Citra Pale'],[u'All Grain'],[u'steeleybran'],[u'18.9270589'],[u'22.71247068'],[u'75.0']
german-pilsner-8,[u'German Pilsner'],[u'All Grain'],[u'youngdongbruce'],[u'24.983717748'],[u'31.229647185'],[u'75.0']
janets-brown-ale-extract,"[u""Janet's Brown Ale (Extract)""]",[u'Partial Mash'],[u'Craig'],[u'18.9270589'],[u'23.658823625'],[u'75.0']
spruce-juice-pale-ale,[u'Spruce Juice Pale Ale '],[u'All Grain'],[u'SEATTLEBREWING'],[u'37.8541178'],[u'45.42494136'],[u'75.0']
ipa-938,[u'IPA'],[u'Extract'],[u'rimstad'],[u'20.0'],[u'6.336'],[u'75.0']
blondage,[u'Blondage'],[u'All Grain'],[u'ELBong'],[u'18.9270589'],[u'22.71247068'],[u'75.0']
winter-ipa-28,[u'Winter IPA'],[u'All Grain'],[u'John Hubbs'],[u'18.9270589'],[u'20.81976479'],[u'75.0']
ashleighs-knock-you-on-your-ass-beer,"[u""Ashleigh's Knock You on Your Ass Beer""]",[u'All Grain'],[u'cpeumr'],[u'18.9270589'],[u'20.81976479'],[u'75.0']
winter-warmer-ale-2013,[u'Winter warmer ale 2013'],[u'All Grain'],[u'joshrau'],[u'18.9270589'],[u'20.81976479'],[u'75.0']
shattered-wings-caa4b4,[u'Shattered Wings'],[u'All Grain'],[u'tsvercauteren'],[u'20.81976479'],[u'24.983717748'],[u'75.0']
jamils-amber-red-ale,[u'Jamils Amber-Red Ale'],[u'All Grain'],[u'jag'],[u'22.71247068'],[u'28.39058835'],[u'75.0']
all-brett-pale-f6d4e8,[u'All Brett Pale'],[u'All Grain'],[u'drunkulushomunculus'],[u'41.63952958'],[u'44.478588415'],[u'70.0']
trappist-meditation,[u'Trappist Meditation'],[u'Partial Mash'],[u'PerryS'],[u'18.9270589'],[u'23.658823625'],[u'75.0']
zombie-dust-clone-1-gallon,[u'Zombie Dust Clone - 1 Gallon'],[u'All Grain'],[u'justintcoons'],[u'3.78541178'],[u'4.542494136'],[u'65.0']
my-orval,[u'My Orval'],[u'All Grain'],[u'Marcd'],[u'26.49788246'],[u'33.122353075'],[u'70.0']
toasted-oat-ale,[u'Toasted Oat Ale'],[u'All Grain'],[u'Adam C'],[u'18.9270589'],[u'18.9270589'],[u'68.0']
generic-wheat-to-split,[u'Generic Wheat to Split'],[u'Extract'],[u'dainty'],[u'18.9270589'],[u'18.9270589'],[u'75.0']
lumberjack-candy,[u'Lumberjack Candy'],[u'All Grain'],[u'Walker Richardson'],[u'18.9270589'],[u'23.658823625'],[u'75.0']
chili-willi,[u'Chili Willi'],[u'All Grain'],[u'Zack Kinney'],[u'28.39058835'],[u'36.642786030399996'],[u'75.0']
mvp-millers-vanilla-porter,"[u""MVP (Miller's Vanilla Porter)""]",[u'Extract'],[u'erm1963'],[u'18.9270589'],[u'9.46352945'],[u'75.0']
fall-jogger,[u'Fall Jogger'],[u'All Grain'],[u'Jeremy Norton'],[u'20.81976479'],[u'26.876423638'],[u'75.0']
highlander-ale,[u'Highlander Ale'],[u'All Grain'],[u'Bry723'],[u'18.9270589'],[u'23.658823625'],[u'75.0']
irish-stout-2-8,[u'Irish Stout 2/8'],[u'All Grain'],[u'HoptronPat'],[u'20.81976479'],[u'24.983717748'],[u'75.0']
double-b-wit,[u'Double B Wit'],[u'Extract'],[u'DagTheGoat'],[u'18.9270589'],[u'23.658823625'],[u'75.0']
american-amber-12,[u'American Amber'],[u'All Grain'],[u'kbarron'],[u'18.9270589'],[u'23.658823625'],[u'69.0']
amadan-wee-heavy-scotch-ale,[u'Amadan Wee Heavy Scotch Ale'],[u'All Grain'],[u'Paul'],[u'22.71247068'],[u'37.8541178'],[u'80.0']
black-sour-1,[u'Black Sour'],[u'All Grain'],[u'AlexFields'],[u'25.740800103999998'],[u'30.8889601248'],[u'75.0']
little-rascal-esb,[u'Little Rascal ESB'],[u'All Grain'],[u'TomKontra'],[u'19.5'],[u'6.52333333333333'],[u'70.0']
irish-dry-stout-6,[u'Irish Dry Stout'],[u'All Grain'],[u'moork'],[u'13.211087112200001'],[u'16.5801035964'],[u'82.0']
tongue-tickler-pilsner,[u'Tongue Tickler Pilsner'],[u'All Grain'],[u'Philippe Leblanc'],[u'20.781910672200002'],[u'26.0436330464'],[u'75.0']
blue-moon-clone-ii,[u'Blue Moon Clone II'],[u'All Grain'],[u'randrick'],[u'45.3870872422'],[u'64.8819579092'],[u'75.0']
jamils-oatmeal-stout,"[u""Jamil's Oatmeal Stout""]",[u'All Grain'],[u'Belmont'],[u'22.71247068'],[u'28.39058835'],[u'70.0']
coffee-porter-21,[u'Coffee Porter'],[u'All Grain'],[u'Bryan Reed'],[u'22.71247068'],[u'28.39058835'],[u'75.0']
amarillo-pale-ale-midwest,[u'Amarillo Pale Ale (Midwest)'],[u'Partial Mash'],[u'bmartin13'],[u'18.9270589'],[u'17.753581248200003'],[u'75.0']
bs-pils,"[u""B's Pils""]",[u'All Grain'],[u'NVZ'],[u'18.9270589'],[u'27.0278401092'],[u'75.0']
spanish-moon-brown-porter,[u'Spanish Moon Brown Porter'],[u'All Grain'],[u'Mark Atkinson'],[u'22.71247068'],[u'28.39058835'],[u'75.0']
raw-amber-ale,[u'Raw Amber Ale'],[u'All Grain'],[u'rawlk'],[u'94.6352945'],[u'109.77694162'],[u'80.0']
sierra-nevada-torpedo-clone-1,[u'Sierra Nevada Torpedo Clone'],[u'All Grain'],[u'Matt Arens'],[u'20.781910672200002'],[u'29.7533365908'],[u'75.0']
jamils-weizenbock-3,"[u""Jamil's Weizenbock""]",[u'All Grain'],[u'Ken Franke'],[u'22.71247068'],[u'28.39058835'],[u'70.0']
2012-summer-apricot-ale,[u'2012 Summer Apricot Ale'],[u'Extract'],[u'monk'],[u'18.9270589'],[u'23.658823625'],[u'75.0']
brother-hogans-dubbel,"[u""Brother Hogan's Dubbel""]",[u'Partial Mash'],[u'smithj2154'],[u'18.9270589'],[u'23.658823625'],[u'75.0']
patersbier-nb-all-grain,[u'Patersbier (NB All Grain)'],[u'All Grain'],[u'jgabbott'],[u'18.9270589'],[u'22.71247068'],[u'75.0']
mad-russian-wedding,[u'Mad Russian Wedding'],[u'Partial Mash'],[u'hartmaier'],[u'20.781910672200002'],[u'26.0436330464'],[u'75.0']
helles-bock-3,[u'Helles Bock'],[u'All Grain'],[u'Patrick Kafka'],[u'22.71247068'],[u'32.4409789546'],[u'70.0']
sierra-nevada-pale-ale-clone-all-grain-47ac65,[u'Sierra Nevada Pale Ale Clone (All Grain)'],[u'All Grain'],[u'Grillzbrewz'],[u'20.81976479'],[u'24.60517657'],[u'75.0']
otter-smash,[u'Otter Smash'],[u'All Grain'],[u'hilobird'],[u'13.24894123'],[u'16.5801035964'],[u'75.0']
revvys-blonde-leffe-clone,"[u""Revvy's Blonde (Leffe Clone)""]",[u'All Grain'],[u'revvy'],[u'18.9270589'],[u'27.0278401092'],[u'75.0']
goldings-bitter-1,[u'Goldings Bitter'],[u'All Grain'],[u'Kevin'],[u'20.81976479'],[u'26.0436330464'],[u'78.0']
western-front-belgian-pale-ale,[u'Western Front Belgian Pale Ale'],[u'Partial Mash'],[u'Boiled Hippo'],[u'18.9270589'],[u'23.658823625'],[u'75.0']
irish-red-ale-mw,[u'Irish Red Ale (MW)'],[u'Partial Mash'],[u'Patrick Cowan'],[u'18.9270589'],[u'23.658823625'],[u'75.0']
maple-hazelnut,[u'Maple Hazelnut'],[u'Partial Mash'],[u'jgoran'],[u'18.9270589'],[u'23.658823625'],[u'75.0']
sauer-stout,[u'Sauer Stout'],[u'All Grain'],[u'Ryan Cowen'],[u'18.9270589'],[u'27.0278401092'],[u'75.0']
high-five-esb-3,[u'High Five ESB 3'],[u'Partial Mash'],[u'TheBeesKnees'],[u'18.9270589'],[u'23.658823625'],[u'40.0']
summit-epa,[u'Summit EPA'],[u'All Grain'],[u'Drocnoc'],[u'20.81976479'],[u'22.71247068'],[u'75.0']
warm-fuzzy-tinkle-times-v2,[u'Warm Fuzzy Tinkle Times v2'],[u'All Grain'],[u'Two Akers Brewing'],[u'18.9270589'],[u'21.766117735'],[u'80.0']
centennial-ipa-75,[u'Centennial IPA'],[u'Partial Mash'],[u'dgh892000'],[u'18.9270589'],[u'23.658823625'],[u'75.0']
liz-and-brads-red-head-belgian-dubbel,"[u'Liz & Brad\'s ""Red-Head"" Belgian Dubbel']",[u'All Grain'],[u'John Hart'],[u'18.9270589'],[u'23.658823625'],[u'80.0']
amer-i-can-pa-extract,[u'Amer-I-Can PA - Extract'],[u'Extract'],[u'EvilTwin'],[u'18.9270589'],[u'11.35623534'],[u'75.0']
rykers-oaked-golden-ale,[u'Rykers Oaked Golden Ale'],[u'All Grain'],[u'Kyle J.'],[u'23.658823625'],[u'29.564066001799997'],[u'81.0']
safabblegobble,[u'Safabblegobble'],[u'All Grain'],[u'sintheta'],[u'20.0'],[u'24.98'],[u'80.0']
kirbier-hell-or-high-watermelon-clone,[u'Kirbier Hell or High Watermelon Clone'],[u'All Grain'],[u'Jon N'],[u'20.81976479'],[u'24.983717748'],[u'75.0']
vacation-ale-2,[u'Vacation Ale'],[u'Partial Mash'],[u'theReserve'],[u'18.9270589'],[u'23.658823625'],[u'37.5']
double-decker-english-barleywine,[u'Double Decker English Barleywine'],[u'All Grain'],[u'alexb'],[u'18.9270589'],[u'27.0278401092'],[u'70.0']
schlafly-dry-hopped-apa-clone,[u'Schlafly Dry-Hopped APA Clone'],[u'Partial Mash'],[u'datvdb'],[u'20.81976479'],[u'22.6935436211'],[u'70.0']
amarillo-smash-10,[u'Amarillo sMasH'],[u'All Grain'],[u'BlackRock'],[u'20.81976479'],[u'26.0436330464'],[u'72.0']
firestone-dba-clone,[u'Firestone DBA Clone'],[u'All Grain'],[u'corytownsend'],[u'18.9270589'],[u'23.658823625'],[u'70.0']
stargazer-dark-ale,[u'Stargazer Dark Ale'],[u'All Grain'],[u'Haugland'],[u'19.873411845'],[u'24.8323012768'],[u'70.0']
plastered-padre-wy3522-belgian-ardennes-version-alt,[u'Plastered Padre (WY3522 Belgian Ardennes version) [alt]'],[u'All Grain'],[u'JLP'],[u'20.781910672200002'],[u'29.7533365908'],[u'75.0']
2014-pumpkin-ale-6,[u'2014 Pumpkin Ale'],[u'All Grain'],[u'Dale Smith'],[u'18.9270589'],[u'22.71247068'],[u'75.0']
the-great-return,[u'The Great Return'],[u'Extract'],[u'AK'],[u'18.9270589'],[u'17.03435301'],[u'75.0']
comparison-pale-ale,[u'Comparison Pale Ale'],[u'Partial Mash'],[u'Code Blue'],[u'20.781910672200002'],[u'26.0436330464'],[u'75.0']
barely-wine-barley-wine,[u'Barely Wine Barley Wine'],[u'All Grain'],[u'Beejay'],[u'16.088000065'],[u'20.3276612586'],[u'70.0']
macc-ipa,[u'MACC IPA'],[u'All Grain'],[u'seandamnit'],[u'19.873411845'],[u'24.983717748'],[u'75.0']
columbus-b689a5,[u'columbus'],[u'All Grain'],[u'goldrodent'],[u'5.67811767'],[u'12.302588285'],[u'65.0']
lindnerbrau-apricot-summer-ale,[u'Lindnerbrau Apricot Summer Ale'],[u'All Grain'],[u'nspezialindner'],[u'5.67811767'],[u'9.842070628'],[u'70.0']
draft-day-ipa,[u'Draft Day IPA'],[u'All Grain'],[u'notoriousbrew'],[u'22.71247068'],[u'26.876423638'],[u'75.0']
makara-peak-mud-flinger-1,[u'Makara Peak Mud-Flinger'],[u'All Grain'],[u'wopadopalous'],[u'14.0'],[u'5.7'],[u'72.0']
smoked-chipotle-porter-624964,[u'Smoked Chipotle Porter'],[u'All Grain'],[u'DunkelDieter'],[u'20.81976479'],[u'24.983717748'],[u'65.0']
paploo-pale,[u'Paploo Pale'],[u'All Grain'],[u'cwsample'],[u'20.81976479'],[u'24.983717748'],[u'75.0']
galaxy-ipa-51,[u'Galaxy IPA'],[u'All Grain'],[u'Craig Wiggins'],[u'13.24894123'],[u'17.223623599'],[u'75.0']
simple-saison-13,[u'Simple Saison'],[u'Extract'],[u'jamesaharvey'],[u'11.35623534'],[u'14.195294175'],[u'75.0']
rons-honey-wheat-1,"[u""Ron's Honey Wheat""]",[u'Extract'],[u'RonTheBrewer'],[u'18.9270589'],[u'22.71247068'],[u'75.0']
fathers-day-ale-newcastle,"[u""Father's Day Ale (Newcastle)""]",[u'All Grain'],[u'Jeff K.'],[u'22.71247068'],[u'28.39058835'],[u'77.0']
bens-freshies-pale-ale,"[u""Ben's Freshies Pale Ale""]",[u'All Grain'],[u'Redant'],[u'20.0'],[u'6.336'],[u'80.0']
stocktake-pilsner,[u'Stocktake Pilsner'],[u'All Grain'],[u'RagoutBrewingCo'],[u'40.0'],[u'50.0'],[u'75.0']
pumpkin-ale-364,[u'Pumpkin Ale'],[u'Extract'],[u'Phyroth'],[u'18.9270589'],[u'13.24894123'],[u'75.0']
columbus-ipa-32,[u'Columbus IPA'],[u'All Grain'],[u'Anonymous'],[u'24.60517657'],[u'30.7753977714'],[u'70.0']
flying-dog-doggie-style-classic-pale-ale-clone-1-gallon-size,[u'Flying Dog Doggie Style Classic Pale Ale Clone (1 Gallon Size)'],[u'All Grain'],[u'Chairface Chippendale'],[u'4.731764725'],[u'5.67811767'],[u'70.0']
graff-cider-1,[u'Graff Cider'],[u'Partial Mash'],[u'DerektDay'],[u'20.81976479'],[u'23.1288659758'],[u'75.0']
robust-porter-103,[u'Robust Porter'],[u'Partial Mash'],[u'JurgenMehoff'],[u'18.9270589'],[u'23.658823625'],[u'75.0']
otto-ale-black-coffee-ipa,[u'Otto Ale Black Coffee IPA'],[u'Partial Mash'],[u'jamisonrk'],[u'18.9270589'],[u'23.658823625'],[u'75.0']
irish-spring-break,[u'Irish Spring Break'],[u'All Grain'],[u'Hawkeyebrewer'],[u'18.9270589'],[u'23.658823625'],[u'75.0']
arrogant-bastard-clone-42,[u'Arrogant Bastard Clone'],[u'Partial Mash'],[u'Brady Deal'],[u'18.9270589'],[u'23.658823625'],[u'75.0']
pumpkin-ale-2015,[u'Pumpkin Ale 2015'],[u'All Grain'],[u'kharding'],[u'20.81976479'],[u'24.983717748'],[u'75.0']
hibernation-1,[u'Hibernation'],[u'Partial Mash'],[u'mcleanmj'],[u'18.9270589'],[u'23.658823625'],[u'75.0']
willamette-valley-wiesse,[u'Willamette valley wiesse'],[u'All Grain'],[u'Orin Clark'],[u'46.182023715999996'],[u'57.727529645'],[u'75.0']
dubbely-good-273325,[u'Dubbely Good'],[u'All Grain'],[u'ssearles'],[u'20.81976479'],[u'20.441223612'],[u'73.0']
honeybadger-red-ale-ag,[u'Honeybadger Red Ale AG'],[u'All Grain'],[u'RickFinsta'],[u'18.9270589'],[u'23.658823625'],[u'70.0']
cameral-apple-cider-v2-eafc0a,[u'Cameral Apple Cider V2'],[u'Extract'],[u'Brumanchu'],[u'18.9270589'],[u'22.71247068'],[u'75.0']
two-hearted-ale,[u'Two Hearted Ale'],[u'All Grain'],[u'aplus01'],[u'20.81976479'],[u'26.0436330464'],[u'75.0']
la-chouffe-clone-1,[u'la chouffe clone'],[u'All Grain'],[u'Brian Church'],[u'20.81976479'],[u'29.7533365908'],[u'70.0']
dunkelweizen-856d75,[u'Dunkelweizen'],[u'All Grain'],[u'Seabrew'],[u'20.81976479'],[u'24.983717748'],[u'80.0']
sailors-delight,"[u""Sailor's Delight""]",[u'Extract'],[u'JackSchutter'],[u'18.9270589'],[u'23.658823625'],[u'75.0']
katy-s-kitties-dubbel,"[u""Katy's Kitties Dubbel""]",[u'All Grain'],[u'Zach McDowell'],[u'37.8541178'],[u'41.63952958'],[u'80.0']
hogs-regulahbrew,[u'Hogs Regulahbrew '],[u'All Grain'],"[u""Kevin Matthaei (Hog's Neck Brewery)""]",[u'18.9270589'],[u'24.60517657'],[u'72.0']
chai-milk-stout-10,[u'Chai Milk Stout '],[u'All Grain'],[u'mcamarra'],[u'13.24894123'],[u'15.898729476000002'],[u'75.0']
fat-tire-2011-01-03,[u'Fat Tire 2011-01-03'],[u'All Grain'],[u'kbarron'],[u'18.9270589'],[u'25.816508339600002'],[u'69.0']
the-dickens,[u'The Dickens'],[u'All Grain'],[u'HoptronPat'],[u'3.78541178'],[u'4.542494136'],[u'75.0']
oktoberfest-2011-1,[u'Oktoberfest 2011'],[u'All Grain'],[u'Bob'],[u'22.71247068'],[u'28.39058835'],[u'75.0']
common-room-esb-14,[u'Common Room ESB'],[u'All Grain'],[u'frolfer'],[u'20.81976479'],[u'24.5673224522'],[u'65.0']
ys-4-1-lemon-saison,[u'Y.S. 4-1: Lemon Saison'],[u'Partial Mash'],[u'tjunger'],[u'18.9270589'],[u'22.71247068'],[u'75.0']
crystal-lake-golden-ale,[u'Crystal Lake Golden Ale'],[u'Partial Mash'],[u'Garrett Hodgson'],[u'18.9270589'],[u'22.71247068'],[u'75.0']
12-13-brewcrates-winter-warmest,"[u""[12/13] BrewCrate's Winter Warmest""]",[u'All Grain'],[u'BrewCrate'],[u'3.78541178'],[u'4.542494136'],[u'75.0']
broads,[u'Broads...'],[u'All Grain'],[u'MrOH'],[u'22.71247068'],[u'27.254964816'],[u'75.0']
american-honey-wheat,[u'American Honey Wheat'],[u'Extract'],[u'kurlare'],[u'18.9270589'],[u'23.658823625'],[u'75.0']
honey-wit-4,[u'Honey Wit'],[u'All Grain'],[u'hamaien'],[u'20.81976479'],[u'24.983717748'],[u'75.0']
slanted-coffee-stout-all-grain,[u'Slanted Coffee Stout (all-grain)'],[u'All Grain'],[u'atomicbuni'],[u'18.9270589'],[u'20.81976479'],[u'75.0']
sierra-nevada-pale-ale-clone-8,[u'Sierra Nevada Pale Ale Clone'],[u'All Grain'],[u'hotzenklotz'],[u'22.71247068'],[u'30.964668360399997'],[u'70.0']
1744,[u'1744'],[u'All Grain'],[u'kgneville'],[u'20.81976479'],[u'21.027962437899998'],[u'68.0']
lagunitas-ipa-clone-26,[u'Lagunitas IPA Clone'],[u'Partial Mash'],[u'Galactic Llama'],[u'18.9270589'],[u'22.71247068'],[u'75.0']
unicorn-with-a-mustache,[u'Unicorn with a Mustache'],[u'Extract'],[u'Legion Of Awesome'],[u'18.9270589'],[u'20.81976479'],[u'75.0']
scotch-vs-rum,[u'Scotch vs. Rum'],[u'All Grain'],[u'caseytoye'],[u'18.9270589'],[u'22.71247068'],[u'78.0']
fatcat-brewery-chocolate-banana-oatmeal-stout,[u'FatCat Brewery Chocolate Banana Oatmeal Stout'],[u'All Grain'],[u'Andrew Le Blanc'],[u'23.0'],[u'6.688'],[u'75.0']
get-lit-holiday-ale,[u'Get Lit Holiday Ale'],[u'All Grain'],[u'pileownz'],[u'20.81976479'],[u'51.10305903'],[u'72.0']
holly-jolly-spiced-ale,[u'Holly Jolly Spiced Ale'],[u'Partial Mash'],[u'QuasiFandango'],[u'18.9270589'],[u'22.71247068'],[u'75.0']
hangover-holdem-ipa,"[u""Hangover Hold'em IPA""]",[u'All Grain'],[u'oldrubberboot'],[u'45.42494136'],[u'56.7811767'],[u'75.0']
odell-double-pilsner-clone,[u'Odell Double Pilsner Clone'],[u'Extract'],[u'djbaker77'],[u'18.9270589'],[u'22.71247068'],[u'75.0']
hogans-looking-glass-1,"[u""Hogan's Looking Glass""]",[u'Partial Mash'],[u'Joseph Smith'],[u'11.35623534'],[u'15.14164712'],[u'75.0']
summer-citrus-pale-ale-1,[u'Summer Citrus Pale Ale'],[u'Partial Mash'],[u'seeley2'],[u'18.9270589'],[u'11.8483388714'],[u'75.0']
anchor-christmas,[u'Anchor Christmas'],[u'All Grain'],[u'bhcb'],[u'18.9270589'],[u'132.4894123'],[u'75.0']
belgian-ipa-145,[u'Belgian IPA'],[u'All Grain'],[u'wavje'],[u'18.9270589'],[u'23.658823625'],[u'75.0']
raspberry-wheat-51,[u'Raspberry Wheat'],[u'All Grain'],[u'Brumanchu'],[u'20.81976479'],[u'24.983717748'],[u'75.0']
ten-gallon-shandy-base,[u'Ten Gallon Shandy Base'],[u'All Grain'],[u'derpyslurp'],[u'37.8541178'],[u'45.42494136'],[u'75.0']
liberty-golden-ale-2013-03-26-at-03-20-21-utc,[u'Liberty Golden Ale 2013-03-26 at 03:20:21 UTC'],[u'Partial Mash'],[u'EGORAZ'],[u'18.9270589'],[u'22.71247068'],[u'75.0']
forever-lager,[u'Forever Lager'],[u'All Grain'],[u'Greg Ambler'],[u'20.81976479'],[u'24.983717748'],[u'65.0']
ltbier,[u'\xc4ltbier'],[u'Extract'],[u'sre9981'],[u'18.9270589'],[u'22.71247068'],[u'75.0']
irish-red-243,[u'Irish Red'],[u'All Grain'],[u'No Boundaries Brewery'],[u'20.81976479'],[u'24.983717748'],[u'72.0']
morans-ipa,"[u""Moran's IPA""]",[u'All Grain'],[u'Dave Kleinschmidt'],[u'22.71247068'],[u'26.119341282'],[u'70.0']
merry-elfin-saison-de-noel,[u'Merry Elfin Saison De Noel'],[u'Extract'],[u'bartman92'],[u'18.9270589'],[u'94.6352945'],[u'75.0']
maibock-ii-1,[u'Maibock II'],[u'All Grain'],[u'Jason Sweat'],[u'37.8541178'],[u'54.093534336199994'],[u'75.0']
citra-pale-ale-70,[u'Citra Pale Ale'],[u'All Grain'],[u'Carl'],[u'18.9270589'],[u'23.658823625'],[u'75.0']
n-gne-saison-clone,[u'N\xf8gne \xd8 Saison Clone'],[u'All Grain'],[u'josteinr'],[u'25.0'],[u'28.39'],[u'77.0']
kiss-of-death-f4b93e,[u'Kiss of Death'],[u'All Grain'],[u'tsvercauteren'],[u'20.81976479'],[u'24.983717748'],[u'75.0']
third-estate-8cd211,[u'Third Estate'],[u'All Grain'],[u'tsvercauteren'],[u'20.81976479'],[u'24.983717748'],[u'75.0']
the-drowned-gourd,[u'The Drowned Gourd'],[u'Extract'],[u'pieman396'],[u'18.9270589'],[u'23.658823625'],[u'75.0']
northwest-imperial-red-rye-ale-3,[u'Northwest Imperial Red Rye Ale'],[u'Partial Mash'],[u'emthelen33'],[u'18.9270589'],[u'23.658823625'],[u'75.0']
cookie-duster-stout,[u'Cookie Duster Stout'],[u'All Grain'],[u'Will Reder'],[u'18.9270589'],[u'94.6352945'],[u'75.0']
fresh-squeezed-ipa-clone-f7aff5,[u'Fresh Squeezed IPA Clone'],[u'Extract'],[u'Nick'],[u'18.9270589'],[u'23.469553036'],[u'75.0']
belgian-wit-ahb-blue-moon-clone,[u'Belgian Wit (AHB Blue Moon Clone)'],[u'All Grain'],[u'charliet'],[u'20.781910672200002'],[u'23.1288659758'],[u'75.0']
mirror-pond-clone-10,[u'Mirror Pond Clone'],[u'All Grain'],[u'Beerginer'],[u'20.781910672200002'],[u'29.7533365908'],[u'80.0']
oirish-rad-eafa69,[u'Oirish Rad'],[u'All Grain'],[u'Sean Kelley-Pegg'],[u'20.81976479'],[u'24.60517657'],[u'75.0']
springdrunk,[u'springdrunk'],[u'All Grain'],[u'iversenbeer'],[u'20.81976479'],[u'23.734531860599997'],[u'65.0']
summer-surrender-session-saison,[u'Summer Surrender Session Saison'],[u'All Grain'],[u'bluegbb'],[u'20.81976479'],[u'24.983717748'],[u'75.0']
smoked-petit-gosse-saison,[u'Smoked Petit Gosse Saison'],[u'All Grain'],[u'WannabeCoder'],[u'18.9270589'],[u'22.71247068'],[u'75.0']
lemon-honey-summer-shandy,[u'Lemon Honey  Summer Shandy'],[u'All Grain'],[u'BeerGuy'],[u'18.9270589'],[u'22.71247068'],[u'75.0']
belgian-ipa-218,[u'Belgian IPA'],[u'All Grain'],[u'Darren U'],[u'22.71247068'],[u'27.254964816'],[u'70.0']
janets-brown-25,[u'Janets Brown'],[u'All Grain'],[u'maxammt'],[u'22.71247068'],[u'98.42070628'],[u'75.0']
fuller-1845-english-strong-ale,[u'Fuller 1845 English Strong Ale'],[u'All Grain'],[u'Rick Delux'],[u'18.9270589'],[u'23.658823625'],[u'70.0']
springtime-cream-ale,[u'Springtime Cream Ale'],[u'All Grain'],[u'Justin Vatz'],[u'20.81976479'],[u'24.983717748'],[u'65.0']
citrus-ipa-7,[u'Citrus IPA'],[u'All Grain'],[u'Savage Hill Brew Works'],[u'37.8541178'],[u'49.21035314'],[u'76.0']
hoppy-saison-mk1,[u'Hoppy Saison mk1'],[u'All Grain'],[u'DoverNHBrewer'],[u'20.81976479'],[u'24.983717748'],[u'75.0']
five-sixteen,[u'Five Sixteen'],[u'All Grain'],[u'Arkangl'],[u'20.81976479'],[u'24.983717748'],[u'70.0']
heinous-hummingbird-black-ipa,[u'Heinous Hummingbird Black IPA'],[u'All Grain'],[u'Adam Shook'],[u'20.81976479'],[u'28.39058835'],[u'70.0']
blackwater-1,[u'Blackwater'],[u'All Grain'],[u'Tor Inge'],[u'22.0'],[u'7.0882'],[u'60.0']
strawberry-wheat-5,[u'Strawberry Wheat'],[u'All Grain'],[u'Adam Kuebler'],[u'18.9270589'],[u'23.658823625'],[u'75.0']
nb-mustache-envy-belgian-stout-1,[u'NB Mustache Envy Belgian Stout'],[u'All Grain'],[u'Basisforbart'],[u'20.81976479'],[u'24.983717748'],[u'75.0']
russian-imperial-stout-26,[u'Russian Imperial Stout'],[u'Partial Mash'],[u'ryanparrish'],[u'18.9270589'],[u'23.658823625'],[u'75.0']
mosaic-apa-6,[u'Mosaic APA'],[u'All Grain'],[u'LunkwillAndFook'],[u'41.63952958'],[u'54.131388454'],[u'70.0']
gib-lions-head-winter-ale-clone,"[u""GIB lion's head winter ale clone""]",[u'All Grain'],[u'KO Amps'],[u'20.81976479'],[u'24.983717748'],[u'75.0']
raging-bitch-clone-1,[u'Raging Bitch Clone'],[u'Partial Mash'],[u'Steve Newman'],[u'18.9270589'],[u'23.658823625'],[u'75.0']
equinox-ipa-9-26-14,[u'Equinox IPA 9/26/14'],[u'Extract'],[u'cgeorge'],[u'18.9270589'],[u'22.71247068'],[u'75.0']
hopper-ipa-1,[u'Hopper IPA'],[u'Extract'],[u'Ben Reed'],[u'20.81976479'],[u'26.876423638'],[u'75.0']
bells-amber-clone-extract,"[u""Bell's Amber clone (Extract)""]",[u'Partial Mash'],[u'chaplijt'],[u'18.9270589'],[u'23.658823625'],[u'75.0']
mosaic-otter-pale-ale,[u'Mosaic Otter Pale Ale'],[u'All Grain'],[u'Daniel Miles'],[u'20.81976479'],[u'24.983717748'],[u'75.0']
harvest-honey-brown-ale-b73774,[u'Harvest Honey - Brown Ale '],[u'All Grain'],[u'Devan Penney'],[u'37.8541178'],[u'41.63952958'],[u'78.0']
rhubarb-saison-9,[u'Rhubarb Saison'],[u'Partial Mash'],[u'Chris Andringa'],[u'20.81976479'],[u'24.983717748'],[u'75.0']
quote-unquote-berliner-weisse,[u'Quote Unquote Berliner Weisse'],[u'All Grain'],[u'Cynfelyn'],[u'18.9270589'],[u'23.1856471525'],[u'77.0']
belgian-pale-ale-150,[u'Belgian Pale Ale'],[u'Extract'],[u'Patrick'],[u'18.9270589'],[u'22.71247068'],[u'75.0']
any-afternoon-wheat,[u'Any Afternoon Wheat'],[u'Extract'],[u'Jon'],[u'45.42494136'],[u'54.509929632'],[u'75.0']
steves-standard-bitter,"[u""Steve's Standard Bitter""]",[u'Partial Mash'],[u'Stephen'],[u'18.9270589'],[u'22.71247068'],[u'75.0']
english-ale-24,[u'English Ale'],[u'Extract'],[u'Mulligan Brewing'],[u'20.81976479'],[u'24.983717748'],[u'75.0']
fade-to-black-3,[u'Fade to Black'],[u'All Grain'],[u'Matt'],[u'12.0'],[u'3.9942'],[u'75.0']
gingerbread-ale-3,[u'Gingerbread Ale'],[u'All Grain'],[u'gregziggy3'],[u'18.9270589'],[u'23.658823625'],[u'71.0']
ginger-ale-2-2,[u'Ginger Ale #2'],[u'Extract'],[u'Beers4BG'],[u'7.608677677799999'],[u'9.46352945'],[u'75.0']
9-month-barleywine,[u'9 month barleywine'],[u'All Grain'],[u'Kenton Collup'],[u'20.81976479'],[u'27.065694227'],[u'75.0']
the-three-amigos-1,[u'The three amigos'],[u'Partial Mash'],[u'raiderrob67'],[u'20.81976479'],[u'24.983717748'],[u'75.0']
orange-wit-4,[u'Orange Wit'],[u'All Grain'],[u'Addam Rud'],[u'18.9270589'],[u'23.658823625'],[u'75.0']
corona-clone-5,[u'Corona Clone'],[u'All Grain'],[u'James Jackson'],[u'18.9270589'],[u'27.0278401092'],[u'71.0']
brewfest-kolsch-rd-3,[u'Brewfest Kolsch Rd 3'],[u'All Grain'],[u'cruyf'],[u'3.78541178'],[u'4.731764725'],[u'70.0']
pumpkin-ale-134,[u'Pumpkin Ale'],[u'All Grain'],[u'Bitterly Balanced'],[u'18.9270589'],[u'27.0278401092'],[u'80.0']
lakehouse-wheat,[u'Lakehouse Wheat'],[u'All Grain'],[u'Hawkeyebrewer'],[u'20.81976479'],[u'24.983717748'],[u'75.0']
beavertown-gamma-ray-1,[u'Beavertown Gamma Ray'],[u'All Grain'],[u'BenBenson'],[u'23.0'],[u'8.08'],[u'75.0']
lawnmower-kolsch-1,[u'Lawnmower Kolsch'],[u'Partial Mash'],[u'00radio'],[u'18.9270589'],[u'23.658823625'],[u'75.0']
hoppy-belgian-6,[u'Hoppy Belgian'],[u'All Grain'],[u'ansing'],[u'7.57'],[u'2.4'],[u'60.0']
kilkenny-irish-red,[u'Kilkenny Irish Red'],[u'All Grain'],[u'mike joyce'],[u'20.81976479'],[u'24.983717748'],[u'75.0']
kama-citra-session-ipa-nb-5f6153,[u'Kama Citra Session IPA (NB)'],[u'All Grain'],[u'traviskroberts'],[u'20.81976479'],[u'26.876423638'],[u'75.0']
the-goats-stout,"[u""The Goat's Stout""]",[u'All Grain'],[u'CI Brewer'],[u'22.71247068'],[u'26.119341282'],[u'75.0']
peepo-pils-pivo-pils-clone,[u'Peepo Pils (Pivo Pils clone)'],[u'All Grain'],[u'Soneast'],[u'20.81976479'],[u'27.065694227'],[u'75.0']
timothy-taylor-landlord-clone,[u'Timothy Taylor Landlord Clone'],[u'All Grain'],[u'greenhouseuk'],[u'49.967435496'],[u'71.3928661708'],[u'75.0']
raspberry-wheat-97,[u'Raspberry Wheat'],[u'All Grain'],[u'Nephilium'],[u'20.81976479'],[u'24.5673224522'],[u'75.0']
jamils-english-barleywine,"[u""Jamil's English Barleywine""]",[u'All Grain'],[u'Belmont'],[u'22.71247068'],[u'37.8541178'],[u'70.0']
narwhal-inspired-russian-imperial-stout,[u'Narwhal Inspired Russian Imperial Stout'],[u'All Grain'],[u'Patrick Kafka'],[u'24.60517657'],[u'30.7753977714'],[u'65.0']
90-degree-pale-ale,[u'90 Degree Pale Ale'],[u'All Grain'],[u'Zack'],[u'22.71247068'],[u'29.526211884'],[u'75.0']
pumpkin-spice-porter-1,[u'Pumpkin Spice Porter'],[u'All Grain'],[u'jcheneyp'],[u'18.9270589'],[u'23.658823625'],[u'69.0']
summer-like-blonde-ale-summer-love-attempt,"[u'""Summer Like"" Blonde Ale (Summer Love attempt)']",[u'Extract'],[u'jackruby83'],[u'18.9270589'],[u'23.658823625'],[u'75.0']
bustn-a-ryem-roggenbier,"[u""Bust'n a Rye'm Roggenbier""]",[u'All Grain'],[u'Evertybrew'],[u'20.81976479'],[u'24.983717748'],[u'75.0']
edwort-oktoberfest,[u'EdWort Oktoberfest'],[u'All Grain'],[u'evillile'],[u'20.81976479'],[u'27.065694227'],[u'78.0']
winter-warmer-20-1,[u'Winter Warmer 2.0'],[u'Partial Mash'],[u'BierIstEssen'],[u'18.9270589'],[u'22.71247068'],[u'75.0']
belgian-witbier-24,[u'Belgian Witbier'],[u'All Grain'],[u'Frogmanx82'],[u'41.63952958'],[u'45.803482538'],[u'75.0']
prairie-bomb-clone-test-1,[u'Prairie Bomb Clone Test #1'],[u'Partial Mash'],[u'Josh Cedor'],[u'18.9270589'],[u'22.71247068'],[u'75.0']
vanilla-coffee-porter-1,[u'Vanilla Coffee Porter'],[u'Partial Mash'],[u'LacyJr'],[u'18.9270589'],[u'23.658823625'],[u'75.0']
vladimirs-own-stout,"[u""Vladimir's Own Stout""]",[u'All Grain'],[u'LutzBrauerei'],[u'18.9270589'],[u'23.658823625'],[u'75.0']
big-island-breakfast,[u'Big Island Breakfast'],[u'Extract'],[u'grandpasgeniusbeer'],[u'18.9270589'],[u'22.71247068'],[u'75.0']
mans-best-friend-1,"[u""Man's Best Friend""]",[u'Extract'],[u'TuLabs'],[u'20.81976479'],[u'24.983717748'],[u'75.0']
bitterye,[u'BitteRye'],[u'Partial Mash'],[u'anday6'],[u'18.9270589'],[u'23.658823625'],[u'75.0']
yoopers-oatmeal-stout-8,"[u""Yooper's Oatmeal Stout""]",[u'All Grain'],[u'atimmerman88'],[u'21.2929412625'],[u'24.486882451875'],[u'79.0']
gingerbread-porter,[u'GingerBread Porter'],[u'Partial Mash'],[u'brewbuddies'],[u'22.71247068'],[u'28.39058835'],[u'75.0']
chinook-smash-4,[u'Chinook SMaSH'],[u'All Grain'],[u'stupergenius'],[u'20.81976479'],[u'24.150927156399998'],[u'70.0']
river-russian-imperial-stout,[u'River Russian Imperial Stout'],[u'All Grain'],[u'Jake Larson'],[u'26.49788246'],[u'32.17600013'],[u'75.0']
brother-slavoj-wip,[u'Brother Slavoj -- WIP'],[u'All Grain'],[u'Alejandro'],[u'18.9270589'],[u'22.71247068'],[u'75.0']
iras-vanilla-stout,"[u""Ira's Vanilla Stout""]",[u'All Grain'],[u'cnebbeling1'],[u'18.9270589'],[u'23.658823625'],[u'75.0']
1337-zombie-citra-single-hop-6b55b8,[u'1337 Zombie (Citra Single Hop)'],[u'All Grain'],[u'MrBjorland'],[u'55.0'],[u'17.53'],[u'80.0']
standard-weissbier-1,[u'Standard Weissbier'],[u'All Grain'],[u'Paul Wright'],[u'9.0'],[u'12.98'],[u'55.0']
sculpin-ipa-clone-1,[u'Sculpin IPA Clone'],[u'Extract'],[u'Vern LaMar'],[u'18.9270589'],[u'22.71247068'],[u'75.0']
sweet-tucky-brown-e7495b,[u'Sweet Tucky Brown'],[u'All Grain'],[u'Yeazzty '],[u'3.78541178'],[u'5.9620235535'],[u'65.0']
tastys-session-pale-1,"[u""Tasty's Session Pale""]",[u'All Grain'],[u'maxammt'],[u'22.71247068'],[u'98.42070628'],[u'75.0']
whitest-ale-u-know,[u'Whitest Ale U Know'],[u'All Grain'],[u'Ben Cull'],[u'43.0'],[u'13.632'],[u'75.0']
oktoberfest-209,[u'oktoberfest'],[u'Partial Mash'],[u'joeski'],[u'20.81976479'],[u'10.220611806'],[u'75.0']
schwarztoberfest-3c985a,[u'Schwarztoberfest'],[u'All Grain'],[u'David Mann'],[u'41.63952958'],[u'45.42494136'],[u'75.0']
family-dinner-american-amber-ipa,[u'Family Dinner American Amber IPA'],[u'All Grain'],[u'grmowell'],[u'20.81976479'],[u'24.983717748'],[u'70.0']
midwest-belgian-tripel-all-grain,[u'Midwest Belgian Tripel All Grain'],[u'All Grain'],[u'stovepipe'],[u'21.198305968'],[u'30.28329424'],[u'70.0']
saturday-saison-a23533,[u'Saturday Saison'],[u'Extract'],[u'Field & Forest'],[u'20.81976479'],[u'26.876423638'],[u'75.0']
trillium-fort-point-pale-ale-clone-3c4c57,[u'Trillium Fort Point Pale Ale Clone'],[u'All Grain'],[u'Matt Benjamin'],[u'22.71247068'],[u'24.60517657'],[u'75.0']
mint-chocolate-porter-5,[u'Mint Chocolate Porter'],[u'Partial Mash'],[u'Wolfpack010'],[u'18.9270589'],[u'23.658823625'],[u'75.0']
heady-topper-clone-25,[u'Heady Topper Clone'],[u'All Grain'],[u'rjstew'],[u'34.06870602'],[u'44.289317825999994'],[u'75.0']
firestone-walker-wookey-jack-02bfcf,[u'Firestone Walker Wookey Jack'],[u'All Grain'],[u'Malt Witman'],[u'20.81976479'],[u'25.504211867749998'],[u'75.0']
northern-brewer-plinian-legacy-extract-and-specialty-grains-kit,[u'Northern Brewer Plinian Legacy (extract and specialty grains) kit'],[u'Extract'],[u'xaq'],[u'22.71247068'],[u'27.254964816'],[u'75.0']
citra-golden-promise-smash,[u'Citra Golden Promise SMASH'],[u'All Grain'],[u'blatch'],[u'13.24894123'],[u'17.6778730126'],[u'82.0']
prima-pils-clone,[u'Prima Pils Clone'],[u'All Grain'],[u'redstrat'],[u'20.781910672200002'],[u'26.0436330464'],[u'75.0']
girlie-lite,[u'Girlie Lite'],[u'Extract'],[u'mac_russell'],[u'18.9270589'],[u'23.658823625'],[u'75.0']
aranycs-pp,[u'Aranycs\xf6pp'],[u'All Grain'],[u'spikey182'],[u'30.0'],[u'9.516'],[u'75.0']
russian-river-brewing-pliny-the-elder-164113,"[u'Russian River Brewing ""Pliny the Elder"" ']",[u'All Grain'],[u'SEATTLEBREWING'],[u'41.63952958'],[u'50.5920284397'],[u'76.0']
ahp-saison,[u'AHP Saison'],[u'Extract'],[u'DarthCygnus'],[u'19.873411845'],[u'20.100536551799998'],[u'75.0']
fullers-esb-clone-5,[u'Fullers ESB clone'],[u'All Grain'],[u'Chris Parker'],[u'45.992753127'],[u'57.727529645'],[u'75.0']
summertime-strawberry-saison,[u'Summertime Strawberry Saison'],[u'All Grain'],[u'Darin'],[u'20.81976479'],[u'26.0436330464'],[u'75.0']
juniper-pale-ale-9,[u'Juniper Pale Ale'],[u'All Grain'],[u'Conk'],[u'18.9270589'],[u'23.658823625'],[u'68.0']
belgian-single-12,[u'Belgian Single'],[u'All Grain'],[u'jjhandl'],[u'18.9270589'],[u'23.658823625'],[u'75.0']
welcome-winter-english-ale,[u'Welcome Winter English Ale'],[u'Extract'],[u'Aaron Sullivan'],[u'18.9270589'],[u'22.71247068'],[u'75.0']
douche-a-corte-stout,"[u""Douche' (A Corte Stout)""]",[u'Extract'],[u'chiefmonk'],[u'18.9270589'],[u'22.71247068'],[u'75.0']
vanilla-porter-101,[u'Vanilla Porter'],[u'All Grain'],[u'timbaraka'],[u'3.78541178'],[u'5.67811767'],[u'75.0']
hibernation-ale-gdbc-clone,[u'Hibernation Ale - GDBC Clone'],[u'All Grain'],[u'Hightechlofi'],[u'41.63952958'],[u'59.468819063800005'],[u'75.0']
cherry-dark-belgian,[u'Cherry Dark Belgian'],[u'Partial Mash'],[u'Anonymous'],[u'20.781910672200002'],[u'26.0436330464'],[u'75.0']
programmers-elbow-2,"[u""Programmer's Elbow""]",[u'Extract'],[u'sob'],[u'18.9270589'],[u'23.658823625'],[u'75.0']
extra-extra-1,[u'Extra extra'],[u'All Grain'],[u'Dave Kleinschmidt'],[u'18.9270589'],[u'23.658823625'],[u'75.0']
goose-ipa-b8cc58,[u'Goose IPA'],[u'Extract'],[u'Greydalf'],[u'8.0440000325'],[u'5.110305903'],[u'75.0']
egtesb-earl-grey-tea-esb,[u'(EGTESB) Earl Grey Tea ESB'],[u'Extract'],[u'sencindi'],[u'18.9270589'],[u'16.5801035964'],[u'75.0']
backyard-pumpkin-ale-2013,[u'Backyard Pumpkin Ale 2013'],[u'All Grain'],[u'Bill Guzy'],[u'20.81976479'],[u'33.1602071928'],[u'75.0']
pumpkin-beer-27,[u'Pumpkin Beer'],[u'Extract'],[u'mswartz13'],[u'18.9270589'],[u'11.35623534'],[u'75.0']
its-maibock-too-yeah,"[u""It's Maibock Too, Yeah!!!""]",[u'All Grain'],[u'jfranecki'],[u'18.9270589'],[u'22.71247068'],[u'70.0']
ipahhh,[u'IPAHHH!'],[u'Partial Mash'],[u'henrikalmer'],[u'12.0'],[u'2.744'],[u'75.0']
grapefruit-gose-wild-ab638f,[u'Grapefruit Gose Wild'],[u'All Grain'],[u'Friendship Ales'],[u'20.81976479'],[u'24.60517657'],[u'70.0']
ezs-biab-american-brown-ale,"[u""EZ's BIAB American Brown Ale""]",[u'All Grain'],[u'EZduzit'],[u'18.9270589'],[u'23.658823625'],[u'75.0']
nosferatu-clone-1,[u'Nosferatu Clone'],[u'All Grain'],[u'dabigd60'],[u'18.9270589'],[u'23.658823625'],[u'75.0']
summer-shandy-4,[u'Summer Shandy'],[u'All Grain'],[u'mtourek'],[u'18.9270589'],[u'23.658823625'],[u'75.0']
single-hop-ipa-sorachi-ace-scaled,[u'Single Hop IPA - Sorachi Ace - Scaled'],[u'All Grain'],[u'Drocnoc'],[u'24.60517657'],[u'30.7753977714'],[u'75.0']
campfire-kolsch,[u'Campfire Kolsch'],[u'All Grain'],[u'jefferyjg'],[u'20.81976479'],[u'26.0436330464'],[u'65.0']
banana-nut-beer-3,[u'Banana Nut Beer'],[u'All Grain'],[u'Lantzzy'],[u'42.396611936'],[u'52.99576492'],[u'70.0']
k-lsch-schm-lsch,[u'K\xf6lsch Schm\xf6lsch'],[u'All Grain'],[u'Amalgamation Brewing'],[u'20.81976479'],[u'24.983717748'],[u'69.0']
single-hop-amarillo-ipa,[u'Single Hop Amarillo IPA'],[u'All Grain'],[u'garrettbk'],[u'18.9270589'],[u'23.658823625'],[u'75.0']
brulosophy-oktoberfest,[u'Brulosophy Oktoberfest'],[u'All Grain'],[u'Eric'],[u'9.46352945'],[u'9.46352945'],[u'75.0']
dogfish-smashin-punkin-clone,"[u""DogFish 'smashin' Punkin Clone""]",[u'All Grain'],[u'Dry County Brewing'],[u'22.71247068'],[u'27.254964816'],[u'75.0']
kansai-cranberry-christmas-porter-2014,[u'Kansai Cranberry Christmas Porter 2014'],[u'All Grain'],[u'KansaiBeerLovers'],[u'4.0'],[u'1.272'],[u'75.0']
brooklyn-brewshop-jalapeno-saison,[u'Brooklyn Brewshop Jalapeno Saison'],[u'All Grain'],[u'KidDynamite'],[u'3.78541178'],[u'4.731764725'],[u'75.0']
noble-trappist-ale-midwest-supplies-kit,[u'Noble Trappist Ale (Midwest Supplies Kit)'],[u'Partial Mash'],[u'Stu Huffman'],[u'18.9270589'],[u'23.658823625'],[u'75.0']
booths-brewing-supply-old-rasputin-clone,"[u""Booth's Brewing Supply Old Rasputin clone""]",[u'All Grain'],[u'Michael Moussa'],[u'20.81976479'],[u'26.52438034246'],[u'70.0']
patersbier-25,[u'Patersbier'],[u'All Grain'],[u'mobilecabinworks'],[u'18.9270589'],[u'23.658823625'],[u'73.0']
snoweizen,[u'Snoweizen'],[u'All Grain'],[u'fermentalist'],[u'18.9270589'],[u'23.658823625'],[u'75.0']
iron-beard-dark,[u'Iron Beard Dark'],[u'All Grain'],[u'The Bearded Brewers'],[u'18.9270589'],[u'24.60517657'],[u'75.0']
80-5,[u'80/-'],[u'All Grain'],[u'GSharp'],[u'20.81976479'],[u'24.983717748'],[u'75.0']
scotty-1,[u'Scotty'],[u'All Grain'],[u'Rob Mulcahey'],[u'22.71247068'],[u'28.39058835'],[u'75.0']
2015-galaxy,[u'2015 Galaxy'],[u'All Grain'],[u'nathant'],[u'19.873411845'],[u'23.848094214'],[u'75.0']
lucky-jack,[u'Lucky Jack'],[u'All Grain'],[u'akalars'],[u'25.0'],[u'7.92'],[u'75.0']
allagash-white-clone-11,[u'Allagash White Clone'],[u'Partial Mash'],[u'jdool76'],[u'18.9270589'],[u'23.658823625'],[u'75.0']
american-honey-blonde,[u'American Honey Blonde'],[u'Extract'],[u'ChrisLuby'],[u'18.9270589'],[u'11.35623534'],[u'75.0']
jamils-byo-irish-red-ale,"[u""Jamil's BYO Irish Red Ale""]",[u'All Grain'],[u'Vincent Castellano'],[u'45.42494136'],[u'59.052423768'],[u'70.0']
smoked-cherry-wit,[u'Smoked Cherry Wit'],[u'Partial Mash'],[u'James Davis'],[u'18.9270589'],[u'23.658823625'],[u'75.0']
mocha-coffee-stout,[u'Mocha Coffee Stout'],[u'Extract'],[u'Nick Pegg'],[u'18.9270589'],[u'22.71247068'],[u'75.0']
strawberry-explosion,[u'Strawberry Explosion?!?'],[u'Partial Mash'],[u'lawrencem'],[u'16.9964988922'],[u'21.3118683214'],[u'75.0']
extract-tripel,[u'Extract Tripel'],[u'Extract'],[u'jon engel'],[u'18.9270589'],[u'23.658823625'],[u'75.0']
outter-limits-ipa,[u'Outter Limits IPA'],[u'Extract'],[u'E. Fresh'],[u'20.781910672200002'],[u'13.211087112200001'],[u'75.0']
simple-biab-imperial-black-ipa,[u'Simple BIAB Imperial Black IPA'],[u'All Grain'],[u'Johnny Brooke'],[u'26.49788246'],[u'33.122353075'],[u'75.0']
dead-ringer-ipa-9,[u'Dead Ringer IPA'],[u'All Grain'],[u'drusty'],[u'18.9270589'],[u'23.658823625'],[u'75.0']
brett-saison-7,[u'Brett Saison'],[u'All Grain'],[u'J-Dub'],[u'18.9270589'],[u'20.81976479'],[u'74.0']
freshly-squeezed-nugs,[u'Freshly Squeezed Nugs'],[u'All Grain'],[u'r3VOLution'],[u'20.81976479'],[u'24.983717748'],[u'75.0']
belgian-lemon-orange-wheat,[u'Belgian Lemon Orange Wheat'],[u'All Grain'],[u'Tindall'],[u'18.9270589'],[u'23.658823625'],[u'85.0']
dennys-rye-ipa-21,"[u""Denny's Rye IPA""]",[u'All Grain'],[u'Andrew Miller'],[u'20.81976479'],[u'24.983717748'],[u'75.0']
tennessee-springtime-wheat,[u'Tennessee Springtime Wheat'],[u'All Grain'],[u'tokenrock'],[u'20.81976479'],[u'26.0247059875'],[u'75.0']
smashing-german-blonde-with-a-perle-necklace,[u'SMaSHing German Blonde with a Perle Necklace'],[u'All Grain'],[u'stevenb'],[u'20.062682434'],[u'26.9142777558'],[u'83.0']
3-floyds-gumballhead-clone,"[u""3 Floyds' Gumballhead clone""]",[u'All Grain'],[u'uberg33k'],[u'20.81976479'],[u'27.7470683474'],[u'70.0']
columbus-single-hop-ipa-2,[u'Columbus Single Hop IPA'],[u'Extract'],[u'kbwiv'],[u'18.9270589'],[u'22.71247068'],[u'75.0']
zombie-dust-ipa-clone,[u'Zombie Dust IPA Clone'],[u'Extract'],[u'GallowGlass Brewing Company'],[u'20.81976479'],[u'24.983717748'],[u'75.0']
german-pilsner-43,[u'German Pilsner'],[u'All Grain'],[u'Sirius Brewing'],[u'20.81976479'],[u'27.065694227'],[u'75.0']
experimental-belgian-dark-strong-ale,[u'Experimental Belgian Dark Strong Ale'],[u'All Grain'],"[u'Br. Brent Bowen, O.P.']",[u'20.81976479'],[u'26.876423638'],[u'75.0']
ommegang-abbey-ale,[u'Ommegang Abbey Ale'],[u'All Grain'],[u'mgo737'],[u'22.71247068'],[u'32.4409789546'],[u'84.0']
strawberry-blonde-18,[u'Strawberry Blonde'],[u'All Grain'],[u'Andrew'],[u'19.911265962799998'],[u'25.0594259836'],[u'75.0']
double-dawg-dare-ipa-v2,[u'Double Dawg Dare IPA V2'],[u'All Grain'],[u'SEATTLEBREWING'],[u'26.49788246'],[u'32.956741309625'],[u'76.0']
session-black-ipa,[u'Session Black IPA'],[u'All Grain'],[u'Hoffman Brewing Company'],[u'22.71247068'],[u'28.39058835'],[u'72.0']
delerium-tremens-clone-4,[u'Delerium Tremens Clone '],[u'All Grain'],[u'Stephen Perrier'],[u'20.81976479'],[u'24.983717748'],[u'75.0']
maple-pecan-nut-brown,[u'Maple Pecan Nut Brown'],[u'All Grain'],[u'Rob S'],[u'18.9270589'],[u'23.658823625'],[u'75.0']
apricot-wheat-ale-a8eb6a,[u' Apricot Wheat Ale'],[u'All Grain'],[u'mmrgreg'],[u'18.9270589'],[u'24.60517657'],[u'75.0']
chocolate-chipotle-stout-7,[u'Chocolate Chipotle Stout'],[u'Extract'],[u'mattc'],[u'18.9270589'],[u'23.658823625'],[u'75.0']
elderflower-saison-final,[u'Elderflower Saison Final'],[u'All Grain'],[u'alexb'],[u'18.9270589'],[u'23.658823625'],[u'70.0']
hbt-2011-russian-imperial-stout-1,[u'HBT 2011 Russian Imperial Stout'],[u'All Grain'],[u'Ken Franke'],[u'20.81976479'],[u'26.0436330464'],[u'75.0']
ginger-beer-42,[u'Ginger Beer'],[u'All Grain'],[u'WHATITBREW'],[u'20.81976479'],[u'24.983717748'],[u'75.0']
jordans-hard-root-beer,"[u""Jordan's Hard Root Beer""]",[u'Partial Mash'],[u'Green Man Brewery'],[u'9.5013835678'],[u'9.8042165102'],[u'75.0']
pineapple-saison,[u'Pineapple Saison'],[u'All Grain'],[u'wwmarcum'],[u'20.81976479'],[u'23.9427295085'],[u'75.0']
belgian-dubbel-13,[u'Belgian Dubbel'],[u'All Grain'],[u'Eric'],[u'20.81976479'],[u'26.0436330464'],[u'75.0']
kolsch-45-2,[u'Kolsch 45'],[u'All Grain'],[u'Erich Schmidt'],[u'28.39058835'],[u'34.06870602'],[u'84.0']
pumpkin-ale-9516c3,[u'Pumpkin Ale'],[u'Extract'],[u'Nick Volgas'],[u'20.81976479'],[u'26.876423638'],[u'75.0']
belgian-blond-abbey-ale,[u'Belgian Blond Abbey Ale'],[u'All Grain'],[u'Jacob Landry'],[u'37.8541178'],[u'45.42494136'],[u'75.0']
heavy-axe-1,[u'Heavy Axe #1'],[u'All Grain'],[u'Derek Gillespie'],[u'18.9270589'],[u'24.60517657'],[u'75.0']
flying-dog-doggie-style-classic-pale-ale-clone,[u'Flying Dog Doggie Style Classic Pale Ale Clone'],[u'All Grain'],[u'Chairface Chippendale'],[u'18.9270589'],[u'23.658823625'],[u'75.0']
2013-january-yotsnake-esb,[u'2013 January YOTSnake (ESB)'],[u'All Grain'],[u'Alan Graham'],[u'20.81976479'],[u'26.49788246'],[u'75.0']
fresh-hop-ipa-16,[u'Fresh Hop IPA'],[u'All Grain'],[u'Ken  Gurley'],[u'18.9270589'],[u'23.658823625'],[u'75.0']
rodenbach-grand-cru-clone-2,[u'Rodenbach Grand Cru Clone'],[u'All Grain'],[u'Dropkick Brewing'],[u'18.9270589'],[u'24.60517657'],[u'70.0']
hoppy-amber-14,[u'Hoppy Amber'],[u'All Grain'],[u'Ksky'],[u'19.0'],[u'6.024'],[u'75.0']
oatmeal-stout-248,[u'Oatmeal Stout'],[u'All Grain'],[u'skippernc'],[u'18.9270589'],[u'23.658823625'],[u'75.0']
angel-ipa-de8bb1,[u'Angel IPA'],[u'All Grain'],[u'John Borders'],[u'9.46352945'],[u'13.24894123'],[u'84.0']
rye-pale-ale-78,[u'Rye pale ale'],[u'All Grain'],[u'Dave Kleinschmidt'],[u'18.9270589'],[u'23.658823625'],[u'75.0']
true-german-dunkelweizen,[u'True German Dunkelweizen'],[u'All Grain'],[u'Kaiser - Tls1133'],[u'18.9270589'],[u'23.658823625'],[u'75.0']
nasty-nates-armadillo,"[u""Nasty Nate's Armadillo""]",[u'Extract'],[u'White Antelope'],[u'20.81976479'],[u'24.983717748'],[u'75.0']
pale-citra-smash-1,[u'Pale Citra SMaSH'],[u'All Grain'],[u'worthog79'],[u'20.81976479'],[u'24.983717748'],[u'75.0']
vanilla-bourbon-stout-362a3e,[u'Vanilla bourbon stout'],[u'All Grain'],[u'Yeazzty '],[u'3.78541178'],[u'5.67811767'],[u'70.0']
belgian-blonde-ale-16,[u'Belgian Blonde Ale'],[u'All Grain'],[u'kabob34'],[u'20.81976479'],[u'24.983717748'],[u'75.0']
easy-wheat-beer,[u'Easy Wheat Beer'],[u'Extract'],[u'BGJ223'],[u'9.46352945'],[u'10.5234447484'],[u'75.0']
sorachi-ace-saison-8,[u'Sorachi Ace Saison'],[u'All Grain'],[u'Rockstar1'],[u'18.9270589'],[u'23.658823625'],[u'74.0']
stored-xss-biab-apa,[u'Stored XSS - BIAB APA'],[u'All Grain'],[u'M\xe4ri\xf6 Liny'],[u'12.5'],[u'4.026'],[u'66.0']
pacific-pale,[u'Pacific Pale'],[u'Extract'],[u'Kyle Kestell'],[u'20.81976479'],[u'24.983717748'],[u'75.0']
brew-session-esb,[u'Brew Session ESB'],[u'All Grain'],[u'E B'],[u'18.9270589'],[u'23.658823625'],[u'75.0']
northern-brewer-dead-ringer-ipa,[u'Northern Brewer Dead Ringer IPA'],[u'All Grain'],[u'abuker'],[u'18.9270589'],[u'23.658823625'],[u'75.0']
lagunitas-ipa-clone-32,[u'Lagunitas IPA clone'],[u'All Grain'],[u'MBison'],[u'20.81976479'],[u'24.983717748'],[u'75.0']
orange-door-blonde,[u'Orange Door Blonde'],[u'Extract'],[u'Tyler Schettler'],[u'18.9270589'],[u'13.24894123'],[u'75.0']
honey-nut-brown-12,[u'Honey Nut Brown'],[u'All Grain'],[u'OpenGlobeBrewing'],[u'20.81976479'],[u'24.983717748'],[u'79.0']
citra-single-hop-ipa,[u'Citra Single Hop IPA'],[u'Extract'],[u'Samuel Neitzke'],[u'18.9270589'],[u'23.658823625'],[u'75.0']
z-amber-ale,[u'Z Amber Ale'],[u'All Grain'],[u'kgneville'],[u'18.9270589'],[u'23.658823625'],[u'75.0']
exploding-peach-wheat,[u'Exploding Peach Wheat'],[u'Partial Mash'],[u'JF_HBrews'],[u'18.9270589'],[u'23.658823625'],[u'75.0']
irish-red-20,[u'Irish red'],[u'Extract'],[u'Danno9'],[u'18.9270589'],[u'15.368771826799998'],[u'75.0']
sqhell-2-the-extractioning,[u'SQHELL 2: The Extractioning'],[u'Extract'],[u'David Mann'],[u'41.63952958'],[u'46.939106072'],[u'75.0']
indica-clone,[u'Indica Clone'],[u'All Grain'],[u'Pedro Ivo'],[u'28.0'],[u'8.14'],[u'75.0']
reapers-mild-sub-willamette,"[u""Reaper's Mild sub willamette""]",[u'All Grain'],[u'mi_longhorn'],[u'20.81976479'],[u'26.0436330464'],[u'70.0']
simply-citra,[u'Simply Citra'],[u'All Grain'],[u'Bryan'],[u'18.9270589'],[u'23.658823625'],[u'75.0']
andes-mint-chocolate-stout-2,[u'Andes Mint Chocolate Stout'],[u'All Grain'],[u'rhays'],[u'20.81976479'],[u'24.983717748'],[u'75.0']
celtic-sunrise-irish-red-ale,[u'Celtic Sunrise Irish Red Ale'],[u'All Grain'],[u'jkneipp'],[u'20.81976479'],[u'26.0247059875'],[u'75.0']
fruit-bomb-apa,[u'Fruit Bomb APA'],[u'Extract'],[u'Kyle Kestell'],[u'37.8541178'],[u'41.63952958'],[u'75.0']
voluptious-milk-stout,"[u'Voluptious, Milk Stout']",[u'All Grain'],[u'notoriousbrew'],[u'41.63952958'],[u'49.967435496'],[u'75.0']
christmas-ale-56,[u'Christmas Ale'],[u'All Grain'],[u'joemettler'],[u'18.9270589'],[u'27.0278401092'],[u'75.0']
13003-black-pepper-saison,[u'#13003 Black Pepper Saison'],[u'All Grain'],[u'katjelam'],[u'50.0'],[u'21.24'],[u'75.0']
houblon-chouffe-aka-hopchewy,[u'Houblon Chouffe aka HopChewy'],[u'All Grain'],[u'chaos2uHoublonThristyUthristy'],[u'19.0027671356'],[u'27.0278401092'],[u'75.0']
permafrost-white-ipa-northern-brewer,[u'Permafrost White IPA (Northern Brewer)'],[u'All Grain'],[u'Chairface Chippendale'],[u'20.81976479'],[u'24.983717748'],[u'75.0']
rosemary-orange-saison-3-gal,[u'Rosemary Orange Saison (3 gal)'],[u'Extract'],[u'clockworkjpm'],[u'11.35623534'],[u'13.627482408'],[u'75.0']
citra-pale-ale-124,[u'Citra Pale Ale'],[u'All Grain'],[u'John Hernandez'],[u'41.63952958'],[u'47.885459017'],[u'65.0']
munich-dunkel-28,[u'Munich Dunkel'],[u'Partial Mash'],[u'Tony'],[u'18.9270589'],[u'20.441223612'],[u'75.0']
dogfish-head-punkin-clone-1,[u'Dogfish Head Punkin Clone'],[u'All Grain'],[u'SheBeer'],[u'18.9270589'],[u'23.658823625'],[u'75.0']
session-able-ipa,[u'Session-able IPA'],[u'All Grain'],[u'Matt L'],[u'20.81976479'],[u'26.0436330464'],[u'75.0']
spjs-strong-ginger-beer-ging-arrg-beer,"[u'SPJ\'s Strong Ginger Beer (""Ging-Arrg!! Beer"")']",[u'Extract'],[u'ShotPutJones'],[u'18.9270589'],[u'20.81976479'],[u'75.0']
jamils-weizenbock,"[u""Jamil's Weizenbock""]",[u'All Grain'],[u'Nick Hudson'],[u'22.71247068'],[u'28.39058835'],[u'70.0']
kona-coffee-stout,[u'Kona Coffee Stout'],[u'All Grain'],[u'AlexFields'],[u'24.60517657'],[u'30.7753977714'],[u'75.0']
english-bitter-45,[u'English Bitter'],[u'All Grain'],[u'deadhead'],[u'22.71247068'],[u'30.28329424'],[u'75.0']
robert-burns-250th-anniversary-auld-reekie-wee-heavy-scotch-ale,"[u'Robert Burns\' 250th Anniversary ""Auld Reekie"" Wee Heavy Scotch Ale']",[u'Partial Mash'],[u'rlieuallen67'],[u'18.9270589'],[u'23.658823625'],[u'75.0']
samuel-smith-oatmeal-stout-2,[u'Samuel Smith Oatmeal Stout'],[u'All Grain'],[u'Devin'],[u'15.103793002200002'],[u'18.9270589'],[u'58.0']
herms-l-red-ranger,[u'Herms\xf8l - Red Ranger'],[u'All Grain'],[u'macsyrinx'],[u'20.81976479'],[u'26.876423638'],[u'75.0']
bronco-orange-hefeweizen-biab,[u'Bronco Orange Hefeweizen BIAB'],[u'All Grain'],[u'Beer Me'],[u'13.24894123'],[u'15.898729476000002'],[u'68.0']
vanilla-and-coffee-porter-3,[u'Vanilla & Coffee Porter'],[u'All Grain'],[u'seneca89'],[u'20.781910672200002'],[u'26.0436330464'],[u'77.0']
vanilla-oatmeal-stout-1,[u'Vanilla Oatmeal Stout'],[u'All Grain'],[u'Match'],[u'23.0'],[u'9.34'],[u'75.0']
strawberry-wheat-7,[u'Strawberry Wheat'],[u'Extract'],[u'Mike Reynolds'],[u'18.9270589'],[u'22.71247068'],[u'75.0']
golden-magic-hefeweizen,[u'Golden Magic Hefeweizen'],[u'All Grain'],[u'ianfw617'],[u'18.9270589'],[u'27.0278401092'],[u'70.0']
moose-drool-2,[u'Moose Drool'],[u'Partial Mash'],[u'Gilgamesh24'],[u'20.781910672200002'],[u'26.0436330464'],[u'75.0']
cherry-saison-8,[u'Cherry Saison'],[u'All Grain'],[u'Matt L'],[u'20.81976479'],[u'24.983717748'],[u'68.0']
snow-shovel-helles-2011-06-09-version,[u'Snow Shovel Helles (2011-06-09 version)'],[u'All Grain'],[u'Bill Jusino'],[u'22.71247068'],[u'34.06870602'],[u'75.0']
hoppiness-is-an-ipa-palmer-et-al,[u'Hoppiness is an IPA (Palmer et al)'],[u'All Grain'],[u'Sean Sanders'],[u'18.9270589'],[u'22.71247068'],[u'70.0']
dutch-apple-ale,[u'Dutch Apple Ale'],[u'Partial Mash'],[u'Anonymous'],[u'18.9270589'],[u'23.658823625'],[u'75.0']
chocolate-oatmeal-stout-ab8b1f,[u'chocolate oatmeal stout'],[u'All Grain'],[u'Giablo'],[u'20.81976479'],[u'26.876423638'],[u'80.0']
chilly-willy-winter-warmer,[u'Chilly Willy Winter Warmer'],[u'All Grain'],[u'UrbanHops'],[u'22.71247068'],[u'28.39058835'],[u'63.0']
tunnocks-tea-cake-porter,"[u""Tunnock's Tea Cake (Porter)""]",[u'All Grain'],[u'Scelerat'],[u'20.5'],[u'6.504'],[u'75.0']
chinook-ipa-30,[u'Chinook IPA'],[u'Extract'],[u'seanmc802'],[u'12.113317696000001'],[u'15.14164712'],[u'75.0']
ska-modus-hoperandi-clone,[u'Ska Modus Hoperandi Clone'],[u'All Grain'],[u'Uziyahu'],[u'13.24894123'],[u'27.254964816'],[u'75.0']
morning-has-broken-iipa,[u'Morning Has Broken IIPA'],[u'Extract'],[u'zefbarnes'],[u'20.81976479'],[u'22.901741269'],[u'75.0']
wesley-snipes-chocolate-stout,[u'Wesley Snipes Chocolate Stout'],[u'All Grain'],[u'SeanKeith'],[u'18.9270589'],[u'22.71247068'],[u'60.0']
colt-177-v3,[u'Colt .177 v.3'],[u'All Grain'],[u'Jo3sh'],[u'41.63952958'],[u'49.967435496'],[u'75.0']
pimped-biscuit-2978ed,[u'Pimped Biscuit'],[u'All Grain'],[u'tsvercauteren'],[u'20.81976479'],[u'24.983717748'],[u'75.0']
green-man-esb,[u'Green Man E.S.B.'],[u'All Grain'],[u'Anonymous'],[u'20.81976479'],[u'29.7533365908'],[u'80.0']
lenticular,[u'Lenticular'],[u'All Grain'],[u'markpeace'],[u'21.0'],[u'9.3'],[u'65.0']
ziggy-spacedust-ipa-a-smaller-space-dust-clone,[u'Ziggy Spacedust IPA (a smaller Space Dust clone)'],[u'All Grain'],[u'PetitChouffe'],[u'11.35623534'],[u'14.195294175'],[u'70.0']
extract-founders-breakfast-stout-clone,[u'Extract Founders Breakfast Stout Clone'],[u'Extract'],[u'JackSchutter'],[u'18.9270589'],[u'23.658823625'],[u'75.0']
stone-xocoveza-clone-f026d4,[u'Stone Xocoveza Clone'],[u'All Grain'],[u'tbone74'],[u'20.81976479'],[u'28.39058835'],[u'68.0']
ace-of-spades-black-ipa-1,[u'Ace of Spades Black IPA'],[u'All Grain'],[u'mormaii143'],[u'20.81976479'],[u'24.983717748'],[u'75.0']
lawnmower-kolsch-4,[u'Lawnmower Kolsch'],[u'All Grain'],[u'Preston'],[u'18.9270589'],[u'27.0278401092'],[u'70.0']
121-gigawit,[u'1.21 Gigawit'],[u'Extract'],[u'Inverted Helicopter Engineering'],[u'18.9270589'],[u'23.658823625'],[u'75.0']
nb-caribou-slobber-9,[u'NB Caribou Slobber'],[u'Extract'],[u'SteveM'],[u'18.9270589'],[u'22.71247068'],[u'75.0']
summer-solstice-wit,[u'Summer Solstice Wit'],[u'All Grain'],[u'Patrick in Goshen'],[u'20.81976479'],[u'24.983717748'],[u'75.0']
clone-saison-dupont,[u'Clone - Saison Dupont'],[u'All Grain'],[u'Michael Rising'],[u'18.9270589'],[u'27.0278401092'],[u'80.0']
cascade-orange-pale-ale-1,[u'Cascade Orange Pale Ale'],[u'Partial Mash'],[u'CRSharff'],[u'18.9270589'],[u'23.658823625'],[u'75.0']
raging-red-irish-red-ale,[u'Raging Red Irish Red Ale'],[u'All Grain'],[u'MBarnes97'],[u'18.9270589'],[u'13.24894123'],[u'70.0']
tafys-rye-pils,"[u""Tafy's Rye Pils""]",[u'All Grain'],[u'Tafaya'],[u'15.0'],[u'4.752'],[u'75.0']
lavender-saison,[u'Lavender Saison '],[u'Extract'],[u'lyt1214'],[u'18.9270589'],[u'22.71247068'],[u'75.0']
marzen-panzer,[u'Marzen Panzer'],[u'All Grain'],[u'madmax989'],[u'18.9270589'],[u'23.658823625'],[u'75.0']
duvel-clone-4cac8f,[u'Duvel Clone'],[u'All Grain'],[u'Shibolet'],[u'23.0'],[u'12.38'],[u'75.0']
the-albino-white-mocha-stout,"[u""'The Albino' White Mocha Stout""]",[u'All Grain'],[u'Stephen and Maria Kingsbury'],[u'18.9270589'],[u'22.71247068'],[u'75.0']
vanilla-milk-stout-14,[u'Vanilla Milk Stout'],[u'All Grain'],[u'VTBrewCrew'],[u'18.9270589'],[u'24.60517657'],[u'75.0']
caribou-slobber-38,[u'Caribou Slobber'],[u'All Grain'],[u'Lexworth'],[u'19.873411845'],[u'23.848094214'],[u'73.0']
chimay-red-clone-5,[u'Chimay Red Clone'],[u'All Grain'],[u'Ellison'],[u'20.781910672200002'],[u'26.0436330464'],[u'75.0']
pliny-the-elder-clone-86,[u'Pliny the Elder Clone'],[u'All Grain'],[u'traxler'],[u'22.71247068'],[u'27.254964816'],[u'75.0']
rubaeus-clone,[u'Rubaeus Clone'],[u'All Grain'],[u'RBCostanza'],[u'18.9270589'],[u'17.03435301'],[u'75.0']
sierra-nevada-pale-ale-clone-15,[u'Sierra Nevada Pale Ale Clone'],[u'Partial Mash'],[u'Peter Kane'],[u'18.9270589'],[u'23.658823625'],[u'75.0']
biermuncher-centennial-blonde-all-grain,[u'BierMuncher centennial blonde All Grain'],[u'All Grain'],[u'Blind squirrel'],[u'41.63952958'],[u'49.967435496'],[u'70.0']
jamils-north-german-altbier,"[u""Jamil's North German Altbier""]",[u'All Grain'],[u'HoundsBreath'],[u'19.873411845'],[u'24.84176480625'],[u'65.0']
peanut-butter-porter-18,[u'Peanut Butter Porter'],[u'All Grain'],[u'Derek Gillespie'],[u'18.9270589'],[u'24.226635392000002'],[u'75.0']
hawaiian-pale-ale-1,[u'Hawaiian Pale Ale'],[u'All Grain'],[u'KO Amps'],[u'20.81976479'],[u'24.983717748'],[u'75.0']
peanut-butter-jelly-time-1,[u'Peanut Butter Jelly Time'],[u'All Grain'],[u'scottonthepot'],[u'22.71247068'],[u'27.254964816'],[u'75.0']
oataa,[u'Oataa'],[u'All Grain'],[u'jdmullin'],[u'18.9270589'],[u'22.71247068'],[u'70.0']
nilssons-svart,[u'Nilssons Svart'],[u'All Grain'],[u'thomanil'],[u'25.0'],[u'8.58'],[u'65.0']
lime-pepper-saison,[u'Lime Pepper Saison'],[u'All Grain'],[u'MrFinn'],[u'10.599152984'],[u'13.24894123'],[u'75.0']
oatmeal-raisin-cookie-amber,[u'Oatmeal Raisin Cookie Amber'],[u'All Grain'],[u'abuker'],[u'18.9270589'],[u'23.658823625'],[u'79.0']
rye-saison-89,[u'RYE SAISON'],[u'All Grain'],[u'Cornbread'],[u'11.35623534'],[u'16.2394165362'],[u'62.0']
country-bumpkinweizen,[u'Country Bumpkinweizen'],[u'All Grain'],[u'jcutman'],[u'20.81976479'],[u'27.065694227'],[u'75.0']
coffee-creamer,[u'Coffee Creamer'],[u'All Grain'],[u'John Porterfield'],[u'20.81976479'],[u'24.983717748'],[u'75.0']
brians-bawdy-berliner,"[u""Brian's Bawdy Berliner""]",[u'All Grain'],[u'jivex5k'],[u'18.9270589'],[u'19.873411845'],[u'75.0']
an-ale-supreme,[u'An Ale Supreme'],[u'All Grain'],[u'Rockduded'],[u'18.9270589'],[u'23.658823625'],[u'70.0']
oatmeal-stout-toasted,[u'Oatmeal Stout (Toasted)'],[u'All Grain'],[u'hussle52'],[u'20.81976479'],[u'24.983717748'],[u'75.0']
dont-push-back-strawberry-blonde,"[u""Don't Push Back Strawberry Blonde""]",[u'All Grain'],[u'darshak'],[u'18.9270589'],[u'22.71247068'],[u'75.0']
sqhell,[u'SQHELL'],[u'All Grain'],[u'David Mann'],[u'18.9270589'],[u'23.658823625'],[u'75.111']
wilder-ginger,[u'Wilder Ginger'],[u'Extract'],[u'antagon'],[u'25.0'],[u'6.6'],[u'100.0']
weihenstephaner-hefe-weissbier-1-1,[u'Weihenstephaner Hefe Weissbier #1'],[u'All Grain'],[u'propush'],[u'22.0'],[u'6.972'],[u'75.0']
2-summer-smash-ipa,[u'#2 Summer SMaSH IPA'],[u'All Grain'],[u'gnadlaf'],[u'20.0'],[u'25.06'],[u'75.0']
centennial-blonde-56,[u'Centennial Blonde'],[u'All Grain'],[u'trappistpunk'],[u'20.81976479'],[u'26.0247059875'],[u'75.0']
oud-bruin-ea27b5,[u'Oud Bruin'],[u'All Grain'],[u'ribs'],[u'20.81976479'],[u'26.876423638'],[u'75.0']
bismarck-pils,[u'Bismarck Pils'],[u'All Grain'],[u'chiefsparger'],[u'18.9270589'],[u'27.0278401092'],[u'78.0']
tank-7-farmhose-clone,[u'tank 7 farmhose clone'],[u'All Grain'],[u'tim'],[u'20.81976479'],[u'29.7533365908'],[u'70.0']
blueberry-spring-beer,[u'Blueberry Spring Beer'],[u'All Grain'],[u'Richard Yeates'],[u'9.46352945'],[u'11.35623534'],[u'75.0']
citra-mosaic-half-hearted-edec03,[u'Citra Mosaic Half Hearted'],[u'All Grain'],[u'Frogmanx82'],[u'41.63952958'],[u'47.31764725'],[u'75.0']
2012-scottish-ale,[u'2012 Scottish Ale'],[u'All Grain'],[u'Chestersbrew'],[u'34.1065601378'],[u'48.680395490799995'],[u'75.0']
azacca-smash-1,[u'Azacca SMASH'],[u'All Grain'],[u'GuanacaCurlZ'],[u'20.81976479'],[u'24.983717748'],[u'75.0']
hefeweizen-72,[u'Hefeweizen'],[u'All Grain'],[u'bjbreisc'],[u'18.9270589'],[u'23.658823625'],[u'75.0']
tan-clone-bass-ale,[u'Tan (Clone - Bass Ale)'],[u'All Grain'],[u'Michael Rising'],[u'19.911265962799998'],[u'28.6555671746'],[u'85.0']
optimator-beer-captured-recipe,[u'Optimator - Beer Captured Recipe'],[u'All Grain'],[u'Doug'],[u'22.71247068'],[u'32.4409789546'],[u'70.0']
fullers-london-pride-2,"[u""Fuller's London Pride""]",[u'All Grain'],[u'Tim Durack'],[u'11.3940894578'],[u'14.195294175'],[u'75.0']
mighty-munich-dunkel,[u'Mighty Munich Dunkel'],[u'All Grain'],[u'FatCat'],[u'20.781910672200002'],[u'26.0436330464'],[u'72.0']
amerikanische-kolsch-nummer-eins,[u'Amerikanische Kolsch Nummer Eins'],[u'All Grain'],[u'Bert Derp'],[u'22.71247068'],[u'28.39058835'],[u'80.0']
milk-chocolate-peanut-butter-stout,[u'Milk Chocolate Peanut Butter Stout'],[u'All Grain'],[u'Muns0ned'],[u'37.8541178'],[u'45.42494136'],[u'72.0']
irish-red-2011,[u'Irish Red 2011'],[u'All Grain'],[u'JLP'],[u'20.781910672200002'],[u'26.0436330464'],[u'70.0']
summer-wheat-80,[u'Summer Wheat'],[u'Extract'],[u'BrewmasterBob'],[u'18.9270589'],[u'20.81976479'],[u'75.0']
chinook-rye-ipa-1,[u'Chinook Rye IPA'],[u'All Grain'],[u'RattyA'],[u'18.9270589'],[u'23.658823625'],[u'70.0']
centennial-esb-1,[u'Centennial ESB'],[u'All Grain'],[u'Contrafact'],[u'20.0'],[u'6.336'],[u'78.0']
out-of-touch-oatemeal-stout,[u'Out of Touch Oatemeal Stout'],[u'All Grain'],[u'RoyBatty'],[u'3.78541178'],[u'6.624470615'],[u'78.0']
daves-first-cider,"[u""Dave's first cider""]",[u'Extract'],[u'boschd'],[u'18.9270589'],[u'18.9270589'],[u'75.0']
uerige-alt-5-gallon-version-1,[u'Uerige Alt (5 gallon version)'],[u'All Grain'],[u'Bob'],[u'20.781910672200002'],[u'26.0436330464'],[u'80.0']
dammit-dan-stout,[u'Dammit Dan Stout'],[u'Extract'],[u'KegDemon'],[u'9.46352945'],[u'11.35623534'],[u'75.0']
party-dog-sierra-nevada-pa-clone,[u'Party Dog (Sierra Nevada PA clone)'],[u'Extract'],[u'Dave'],[u'20.81976479'],[u'24.150927156399998'],[u'75.0']
maris-otter-nelson-sauvin-smash,[u'Maris Otter / Nelson Sauvin SMaSH'],[u'All Grain'],[u'Darren Wood'],[u'23.0'],[u'6.992'],[u'66.4']
kayleighs-raspberry-wheat,"[u""Kayleigh's Raspberry Wheat""]",[u'Extract'],[u'Brian Schaefer'],[u'18.9270589'],[u'22.71247068'],[u'75.0']
cascadian-dark-ale-45,[u'Cascadian Dark Ale'],[u'All Grain'],[u'Maciek Polo'],[u'25.0'],[u'7.26'],[u'75.0']
red-ipa-46,[u'Red IPA'],[u'All Grain'],[u'nverboon'],[u'18.9270589'],[u'22.71247068'],[u'75.0']
jamils-seb,"[u""Jamil's SEB""]",[u'All Grain'],[u'psychobrawler'],[u'22.71247068'],[u'28.39058835'],[u'67.0']
thanksgiving-california-common,[u'Thanksgiving California Common'],[u'All Grain'],[u'More McCormack'],[u'37.8541178'],[u'46.939106072'],[u'78.0']
the-bees-knees-1,[u'The Bees Knees'],[u'All Grain'],[u'dub_brewer'],[u'20.81976479'],[u'23.9427295085'],[u'78.0']
squirrel-nutkin-brown-ale,[u'Squirrel Nutkin Brown Ale'],[u'All Grain'],[u'eheupel'],[u'18.9270589'],[u'22.71247068'],[u'75.0']
tailgate-pale-ale-mosaic-variety,[u'Tailgate Pale Ale (Mosaic Variety)'],[u'All Grain'],[u'Maloneski'],[u'20.81976479'],[u'24.983717748'],[u'75.0']
brown-porter-5,[u'Brown porter'],[u'All Grain'],[u'DoTheMash'],[u'20.781910672200002'],[u'26.0436330464'],[u'80.0']
session-red-1,[u'Session Red 1'],[u'All Grain'],[u'Matt'],[u'24.60517657'],[u'30.7753977714'],[u'70.0']
baptism-pale-ale-mk1,[u'Baptism Pale Ale mk1'],[u'Extract'],[u'DoverNHBrewer'],[u'20.81976479'],[u'23.658823625'],[u'75.0']
zombie-ritual-zombie-dust-clone-biab,[u'Zombie Ritual (Zombie Dust Clone) BIAB'],[u'All Grain'],[u'EbbotGBG'],[u'10.5'],[u'13.14'],[u'70.0']
drunken-santa-mad-elf-variant,[u'Drunken Santa (Mad Elf Variant)'],[u'Extract'],[u'Thomas Dougherty'],[u'20.81976479'],[u'11.35623534'],[u'75.0']
irish-red-ale-midwest-kit,[u'Irish Red Ale (Midwest kit)'],[u'Extract'],[u'SignalPeptide'],[u'18.9270589'],[u'23.658823625'],[u'75.0']
sorachi-french-farmhouse-saison,[u'Sorachi French Farmhouse Saison'],[u'Partial Mash'],[u'Early8'],[u'41.63952958'],[u'49.21035314'],[u'90.0']
scotch-ale-69,[u'Scotch Ale'],[u'All Grain'],[u'tabni'],[u'18.9270589'],[u'22.71247068'],[u'75.0']
blonde-ale-wlp007,[u'Blonde Ale WLP007'],[u'All Grain'],[u'Randy Lahey'],[u'41.63952958'],[u'49.967435496'],[u'75.0']
breakwater-pale-ale-2,[u'Breakwater Pale Ale'],[u'All Grain'],[u'burkey'],[u'18.9270589'],[u'23.658823625'],[u'75.0']
zeitgeist-51d519,[u'Zeitgeist'],[u'All Grain'],[u'Evergreen Brewing'],[u'19.684141256'],[u'24.226635392000002'],[u'75.0']
blanche-au-th-vert-green-tea,[u'Blanche au th\xe9 vert (green tea)'],[u'All Grain'],[u'Docthorjp'],[u'13.5'],[u'15.14'],[u'75.0']
fawnbrake-gingerbread-ale,[u'Fawnbrake Gingerbread Ale'],[u'Partial Mash'],[u'chrish012'],[u'18.9270589'],[u'23.658823625'],[u'75.0']
samuel-smiths-oatmeal-stout-clone-4,"[u""Samuel Smith's Oatmeal Stout Clone""]",[u'All Grain'],[u'Kaiser - Tls1133'],[u'18.9270589'],[u'23.658823625'],[u'75.0']
ice-to-69-you,[u'Ice to 69 you'],[u'All Grain'],[u'JonnyWahHoo'],[u'20.82'],[u'6.6'],[u'75.0']
proper-job,[u'Proper Job'],[u'All Grain'],[u'andygashead'],[u'20.81976479'],[u'26.0436330464'],[u'75.0']
hoegaarden-clone-26,[u'Hoegaarden Clone'],[u'All Grain'],[u'Austin'],[u'18.9270589'],[u'27.0278401092'],[u'63.0']
springtime-red-ipa,[u'Springtime Red IPA'],[u'All Grain'],[u'12characters'],[u'20.81976479'],[u'24.983717748'],[u'75.0']
october-sky-fresh-hop-brown-ale,[u'October Sky - Fresh Hop Brown Ale'],[u'Extract'],[u'illa_kotilla'],[u'18.9270589'],[u'23.658823625'],[u'75.0']
robust-porter-v3,[u'Robust Porter V3'],[u'All Grain'],[u'Travis'],[u'20.81976479'],[u'24.983717748'],[u'75.0']
bells-two-hearted-beersmith,[u'Bells Two Hearted (BeerSmith)'],[u'All Grain'],[u'Joe Machulsky'],[u'20.81976479'],[u'24.983717748'],[u'68.0']
grapefruit-ipa-87c8c3,[u'Grapefruit IPA'],[u'Partial Mash'],[u'ffSwanee'],[u'18.9270589'],[u'10.220611806'],[u'75.0']
all-citra-ale,[u'All Citra Ale'],[u'Extract'],[u'TNT Home Brew'],[u'18.9270589'],[u'23.658823625'],[u'75.0']
wee-heavy-51,[u'Wee Heavy'],[u'All Grain'],[u'barleyrat'],[u'18.9270589'],[u'94.6352945'],[u'75.0']
sierra-nevada-pale-ale-clone-65,[u'Sierra Nevada Pale Ale Clone'],[u'All Grain'],[u'Collin Buesser'],[u'20.81976479'],[u'25.1919153959'],[u'69.0']
house-red-ale,[u'House Red Ale'],[u'Extract'],[u'SavoryFrank'],[u'20.81976479'],[u'24.983717748'],[u'75.0']
vanilla-bourbon-stout-18,[u'Vanilla Bourbon Stout'],[u'Extract'],[u'Ian Davis'],[u'18.9270589'],[u'22.71247068'],[u'75.0']
citra-amarillo-ipa,[u'Citra/Amarillo IPA'],[u'All Grain'],[u'Ian'],[u'20.81976479'],[u'24.983717748'],[u'61.0']
love-you-long-time-ipa,[u'Love You Long Time IPA'],[u'All Grain'],[u'Sheri_go_round'],[u'18.9270589'],[u'22.71247068'],[u'75.0']
belgian-pale-62,[u'belgian pale'],[u'All Grain'],[u'Drew Gabel'],[u'20.81976479'],[u'27.065694227'],[u'70.0']
citra-black-ipa-bc7279,[u'Citra Black IPA'],[u'Partial Mash'],[u'pfunkross'],[u'18.9270589'],[u'23.658823625'],[u'75.0']
woodys-wit,"[u""Woody's Wit""]",[u'All Grain'],[u'Zak'],[u'20.81976479'],[u'24.983717748'],[u'75.0']
big-bens-brown-ale,"[u""Big Ben's Brown Ale ""]",[u'All Grain'],[u'Hoptastified'],[u'18.9270589'],[u'22.71247068'],[u'75.0']
hefe-iv,[u'Hefe IV'],[u'All Grain'],[u'Lostyooper'],[u'22.71247068'],[u'30.28329424'],[u'75.0']
nut-brown-ale-102,[u'Nut Brown Ale'],[u'All Grain'],[u'Jrod'],[u'18.9270589'],[u'22.71247068'],[u'75.0']
cascade-ipa-e15d96,[u'Cascade IPA'],[u'All Grain'],[u'Jim'],[u'18.9270589'],[u'23.658823625'],[u'75.0']
3-floyds-zombie-dust-clone,"[u""3 Floyd's Zombie Dust Clone""]",[u'All Grain'],[u'uberg33k'],[u'19.873411845'],[u'23.848094214'],[u'65.0']
firework-cream-ale,[u'Firework Cream Ale'],[u'All Grain'],[u'Lostyooper'],[u'22.71247068'],[u'30.28329424'],[u'75.0']
lemon-saison-1,[u'Lemon Saison'],[u'Partial Mash'],[u'akruspe'],[u'18.9270589'],[u'23.658823625'],[u'75.0']
farmhouse-ale-26,[u'Farmhouse Ale'],[u'All Grain'],[u'jpreece411'],[u'20.81976479'],[u'24.983717748'],[u'75.0']
andys-wheat-peach,"[u""Andy's Wheat Peach""]",[u'All Grain'],[u'AndyG'],[u'18.9270589'],[u'22.71247068'],[u'75.0']
bitters-3,[u'Bitters'],[u'All Grain'],[u'notluke'],[u'18.9270589'],[u'21.766117735'],[u'77.0']
english-on-the-ones-ipa-with-frankenyeast,"[u'English ""on-the-ones"" IPA with FrankenYeast']",[u'All Grain'],[u'Ksky'],[u'16.0'],[u'5.499'],[u'60.0']
wdo,[u'WDO'],[u'Partial Mash'],[u'Jake B'],[u'20.81976479'],[u'24.983717748'],[u'67.0']
first-dunkel-attempt,[u'First Dunkel Attempt'],[u'Partial Mash'],[u'Matt'],[u'18.9270589'],[u'22.71247068'],[u'75.0']
orange-creamsicle-ale-3,[u'Orange Creamsicle Ale'],[u'All Grain'],[u'TonyYates'],[u'23.0'],[u'6.8704'],[u'75.0']
pompous-prick-porter,[u'Pompous Prick Porter'],[u'All Grain'],[u'HMS'],[u'20.81976479'],[u'24.983717748'],[u'75.0']
cascade-of-cascade,[u'Cascade of Cascade'],[u'All Grain'],[u'BaronAaron'],[u'20.81976479'],[u'24.60517657'],[u'75.0']
bill-goldberg-ipa,[u'Bill Goldberg IPA'],[u'Extract'],[u'chrisofdoom'],[u'18.9270589'],[u'22.71247068'],[u'75.0']
dead-guy-clone-ag,[u'Dead Guy Clone AG'],[u'All Grain'],[u'Gus'],[u'37.8541178'],[u'49.21035314'],[u'70.0']
heafes-weizen,[u'Heafes-weizen'],[u'All Grain'],[u'Heath Stannard'],[u'18.93'],[u'6.0'],[u'75.0']
cross-czech-pilsner,[u'Cross Czech Pilsner'],[u'All Grain'],[u'jpraetorius'],[u'20.81976479'],[u'24.983717748'],[u'65.0']
southern-northern-brown,[u'Southern Northern Brown'],[u'All Grain'],[u'tokenrock'],[u'22.71247068'],[u'28.39058835'],[u'75.0']
extra-special-brew-esb,[u'Extra Special Brew (ESB)'],[u'All Grain'],[u'BryanBrammer'],[u'18.9270589'],[u'22.71247068'],[u'75.0']
desecrator,[u'Desecrator'],[u'All Grain'],[u'ACDC Homebrew'],[u'18.9270589'],[u'20.81976479'],[u'75.0']
elf,[u'Elf'],[u'All Grain'],[u'schankhaus'],[u'18.9270589'],[u'22.71247068'],[u'75.0']
el-hefe-16,[u'El Hefe'],[u'All Grain'],[u'forumtroll'],[u'50.0052896138'],[u'62.45929437'],[u'80.0']
biscuit-ipa-2,[u'Biscuit IPA'],[u'All Grain'],[u'schlemazl'],[u'18.9270589'],[u'20.81976479'],[u'75.0']
jamil-wee-heavy-f5481f,[u'Jamil Wee Heavy'],[u'All Grain'],[u'Mike'],[u'18.9270589'],[u'29.336941295'],[u'68.0']
centennial-blonde-ale-10,[u'Centennial Blonde Ale'],[u'Extract'],[u'jonas_90210'],[u'18.9270589'],[u'11.8483388714'],[u'37.5']
northern-brewer-nut-brown-ale-1,[u'Northern Brewer Nut Brown Ale'],[u'All Grain'],[u'sontondaman'],[u'17.03435301'],[u'20.0248283162'],[u'80.0']
red-amber-ale,[u'Red Amber Ale'],[u'All Grain'],[u'Muns0ned'],[u'37.8541178'],[u'45.42494136'],[u'75.0']
armageddon-oatmeal-stout,[u'Armageddon Oatmeal Stout'],[u'All Grain'],[u'EJ Gegg'],[u'18.9270589'],[u'22.71247068'],[u'75.0']
summer-pils-7,[u'Summer Pils'],[u'Extract'],[u'Mark Stone'],[u'20.81976479'],[u'23.9427295085'],[u'75.0']
40th-birthday-pale-ale,[u'40th Birthday Pale Ale'],[u'Partial Mash'],[u'Snaggletooth Brewing'],[u'22.71247068'],[u'11.35623534'],[u'75.0']
adams-coors-light-light,"[u'Adam\'s ""Coors Light Light""']",[u'All Grain'],[u'BlackWolf'],[u'37.8541178'],[u'45.42494136'],[u'80.0']
saison-lion,[u'Saison Lion'],[u'All Grain'],[u'elliotsl'],[u'18.9270589'],[u'23.658823625'],[u'75.0']
holiday-ale-modified-bb-kit,[u'Holiday Ale (Modified BB Kit)'],[u'Extract'],[u'Matthew Duran'],[u'20.81976479'],[u'24.636721668166654'],[u'75.0']
amber-117,[u'Amber'],[u'All Grain'],[u'Steve'],[u'13.24894123'],[u'17.223623599'],[u'75.0']
german-pilsner-3-1,[u'German Pilsner#3'],[u'All Grain'],[u'zeak'],[u'22.7'],[u'7.494'],[u'77.0']
high-sierra-pale-ale-2,[u'High Sierra Pale Ale'],[u'Partial Mash'],[u'mannyman3000'],[u'18.9270589'],[u'23.658823625'],[u'75.0']
ill-dunkel-your-weizen,"[u""I'll Dunkel Your Weizen""]",[u'Extract'],[u'BJ Lyke'],[u'18.9270589'],[u'20.81976479'],[u'75.0']
2014-brewers-cup-robust-porter-i-american,"[u""2014 BREWER'S CUP - ROBUST PORTER I  - AMERICAN""]",[u'All Grain'],[u'Chris  McClanahan'],[u'9.46352945'],[u'12.302588285'],[u'61.0']
chinook-ipa-14,[u'Chinook IPA'],[u'All Grain'],[u'jgrundstad'],[u'20.81976479'],[u'24.983717748'],[u'75.0']
potato-po-tah-toh-tomato-to-mah-t,[u'Potato Po-tah-toh Tomato To-mah-toh'],[u'Partial Mash'],[u'hbc'],[u'18.9270589'],[u'23.658823625'],[u'75.0']
something-clever-gose,[u'Something Clever Gose'],[u'All Grain'],[u'Wolfatron'],[u'20.81976479'],[u'24.983717748'],[u'75.0']
english-pale-ale-91,[u'English Pale Ale'],[u'All Grain'],[u'Paul Bradley'],[u'18.9270589'],[u'22.71247068'],[u'65.0']
dana-1,[u'Dana'],[u'All Grain'],[u'RichardStrand'],[u'22.0'],[u'6.972'],[u'70.0']
oatmeal-stout-2011-12-22-version,[u'Oatmeal Stout (2011-12-22 version)'],[u'Partial Mash'],[u'Liberty'],[u'20.781910672200002'],[u'26.0436330464'],[u'75.0']
falling-farmhouse-saison,[u'Falling Farmhouse Saison'],[u'Extract'],[u'Shaggy'],[u'22.71247068'],[u'22.71247068'],[u'100.0']
chimay-red-clone-8fd131,[u'Chimay Red clone'],[u'All Grain'],[u'MikeL'],[u'18.9270589'],[u'21.766117735'],[u'75.0']
present-tense-munich-helles,[u'Present Tense Munich Helles'],[u'All Grain'],[u'PresentTense'],[u'39.74682369'],[u'46.219877833800005'],[u'75.0']
revvys-blonde,"[u""Revvy's Blonde""]",[u'All Grain'],[u'cjohansen'],[u'10.0'],[u'14.27'],[u'75.0']
investigation-latir,[u'Investigation: Latir'],[u'All Grain'],[u'kellanstec'],[u'20.81976479'],[u'24.983717748'],[u'75.0']
requiem-raspberry-1,[u'Requiem Raspberry'],[u'Partial Mash'],[u'DGibb'],[u'18.9270589'],[u'23.658823625'],[u'75.0']
3-2-1-challenge,[u'3-2-1 Challenge'],[u'All Grain'],[u'engelmanjake'],[u'20.81976479'],[u'24.983717748'],[u'75.0']
mudders-milk-6,"[u""Mudder's Milk""]",[u'All Grain'],[u'Natalie'],[u'11.35623534'],[u'13.627482408'],[u'75.0']
1916-pilsner,[u'1916 Pilsner'],[u'All Grain'],[u'gestalt162'],[u'21.766117735'],[u'25.03103539525'],[u'80.0']
great-lakes-christmas-ale-clone-15,[u'Great Lakes Christmas Ale Clone'],[u'All Grain'],[u'C Damm'],[u'19.873411845'],[u'22.854423621749998'],[u'75.0']
moo-hoo-clone,[u'Moo-Hoo Clone'],[u'All Grain'],[u'kernalsanders934'],[u'20.81976479'],[u'24.983717748'],[u'75.0']
jakes-3-2-1-challenge-variant,"[u""Jake's 3-2-1 Challenge (Variant)""]",[u'All Grain'],[u'GarrisonDH'],[u'20.81976479'],[u'24.983717748'],[u'75.0']
mo-1210-smash-033993,[u'MO/1210 SMaSH'],[u'All Grain'],[u'Jeff Perry'],[u'20.81976479'],[u'27.254964816'],[u'75.0']
esb-experiment-1,[u'ESB Experiment'],[u'All Grain'],[u'the_brycicle'],[u'19.873411845'],[u'23.848094214'],[u'70.0']
banana-slam-dunkelweizen,[u'Banana Slam Dunkelweizen'],[u'Partial Mash'],[u'Amy and Sean Van Osdale'],[u'18.9270589'],[u'22.71247068'],[u'75.0']
ben-s-red-ale-f6b4b2,"[u""Ben's Red Ale""]",[u'All Grain'],[u'Ben Smart'],[u'34.07'],[u'10.0'],[u'75.0']
session-bpa-with-ommegang-yeast,[u'Session BPA with Ommegang yeast'],[u'All Grain'],[u'Rob Neuhaus'],[u'11.35623534'],[u'13.627482408'],[u'65.0']
hoegaarden-clone-10l,[u'Hoegaarden Clone (10L)'],[u'All Grain'],[u'Jostein Jacobsen'],[u'10.0'],[u'3.432'],[u'63.0']
ed-s-red-v3,"[u""Ed's Red V3""]",[u'Extract'],[u'Monkey Fingers'],[u'20.81976479'],[u'24.983717748'],[u'75.0']
nisqually-pale,[u'Nisqually Pale'],[u'All Grain'],[u'Matt McQuilton'],[u'41.63952958'],[u'45.803482538'],[u'80.0']
