beer_id,beer_name,beer_style,style_guide,version,style_letter,category_number,beer_type,OG_min,OG_max,FG_min,FG_max,IBU_min,IBU_max,color_min,color_max,ABV_min,ABV_max
big-bens-brown-ale,"[u""Big Ben's Brown Ale ""]",[u'American Brown Ale'],[u'BJCP'],[u'1'],[u'C'],[u'10'],[u'Ale'],[u'1.045'],[u'1.06'],[u'1.01'],[u'1.016'],[u'20.0'],[u'40.0'],[u'18.0'],[u'35.0'],[u'4.3'],[u'6.2']
lemon-saison-1,[u'Lemon Saison'],[u'Saison'],[u'BJCP'],[u'1'],[u'C'],[u'16'],[u'Ale'],[u'1.048'],[u'1.065'],[u'1.002'],[u'1.012'],[u'20.0'],[u'35.0'],[u'5.0'],[u'14.0'],[u'5.0'],[u'7.0']
hefe-iv,[u'Hefe IV'],[u'Weizen/Weissbier'],[u'BJCP'],[u'1'],[u'A'],[u'15'],[u'Wheat'],[u'1.044'],[u'1.052'],[u'1.01'],[u'1.014'],[u'8.0'],[u'15.0'],[u'2.0'],[u'8.0'],[u'4.3'],[u'5.6']
citra-black-ipa-bc7279,[u'Citra Black IPA'],[u'American IPA'],[u'BJCP'],[u'1'],[u'B'],[u'14'],[u'Ale'],[u'1.056'],[u'1.075'],[u'1.01'],[u'1.018'],[u'40.0'],[u'70.0'],[u'6.0'],[u'15.0'],[u'5.5'],[u'7.5']
nut-brown-ale-102,[u'Nut Brown Ale'],[u'American Brown Ale'],[u'BJCP'],[u'1'],[u'C'],[u'10'],[u'Ale'],[u'1.045'],[u'1.06'],[u'1.01'],[u'1.016'],[u'20.0'],[u'40.0'],[u'18.0'],[u'35.0'],[u'4.3'],[u'6.2']
cascade-ipa-e15d96,[u'Cascade IPA'],[u'American IPA'],[u'BJCP'],[u'1'],[u'B'],[u'14'],[u'Ale'],[u'1.056'],[u'1.075'],[u'1.01'],[u'1.018'],[u'40.0'],[u'70.0'],[u'6.0'],[u'15.0'],[u'5.5'],[u'7.5']
oatmeal-chocolate-milk-stout-1,[u'Oatmeal Chocolate Milk Stout'],[u'Sweet Stout'],[u'BJCP'],[u'1'],[u'B'],[u'13'],[u'Ale'],[u'1.044'],[u'1.06'],[u'1.012'],[u'1.024'],[u'20.0'],[u'40.0'],[u'30.0'],[u'40.0'],[u'4.0'],[u'6.0']
3-floyds-zombie-dust-clone,"[u""3 Floyd's Zombie Dust Clone""]",[u'American IPA'],[u'BJCP'],[u'1'],[u'B'],[u'14'],[u'Ale'],[u'1.056'],[u'1.075'],[u'1.01'],[u'1.018'],[u'40.0'],[u'70.0'],[u'6.0'],[u'15.0'],[u'5.5'],[u'7.5']
honey-citra-pale,[u'Honey Citra Pale'],[u'American Pale Ale'],[u'BJCP'],[u'1'],[u'A'],[u'10'],[u'Ale'],[u'1.045'],[u'1.06'],[u'1.01'],[u'1.015'],[u'30.0'],[u'45.0'],[u'5.0'],[u'14.0'],[u'4.5'],[u'6.2']
citripa,[u'Citripa'],[u'American IPA'],[u'BJCP'],[u'1'],[u'B'],[u'14'],[u'Ale'],[u'1.056'],[u'1.075'],[u'1.01'],[u'1.018'],[u'40.0'],[u'70.0'],[u'6.0'],[u'15.0'],[u'5.5'],[u'7.5']
firework-cream-ale,[u'Firework Cream Ale'],[u'Cream Ale'],[u'BJCP'],[u'1'],[u'A'],[u'6'],[u'Ale'],[u'1.042'],[u'1.055'],[u'1.006'],[u'1.012'],[u'15.0'],[u'20.0'],[u'2.5'],[u'5.0'],[u'4.2'],[u'5.6']
janets-brown-ale-extract,"[u""Janet's Brown Ale (Extract)""]",[u'Specialty Beer'],[u'BJCP'],[u'1'],[u'A'],[u'23'],[u'Ale'],[u'1.0'],[u'1.15'],[u'1.0'],[u'1.15'],[u'0.0'],[u'120.0'],[u'0.0'],[u'40.0'],[u'1.0'],[u'14.0']
strawberry-blonde-18,[u'Strawberry Blonde'],[u'Blonde Ale'],[u'BJCP'],[u'1'],[u'B'],[u'6'],[u'Ale'],[u'1.038'],[u'1.054'],[u'1.008'],[u'1.013'],[u'15.0'],[u'28.0'],[u'3.0'],[u'6.0'],[u'3.8'],[u'5.5']
indica-clone,[u'Indica Clone'],[u'English IPA'],[u'BJCP'],[u'1'],[u'A'],[u'14'],[u'Ale'],[u'1.05'],[u'1.075'],[u'1.01'],[u'1.018'],[u'40.0'],[u'60.0'],[u'8.0'],[u'14.0'],[u'5.0'],[u'7.5']
rubaeus-clone,[u'Rubaeus Clone'],[u'Fruit Beer'],[u'BJCP'],[u'1'],[u'A'],[u'20'],[u'Ale'],[u'1.0'],[u'1.15'],[u'1.0'],[u'1.15'],[u'0.0'],[u'120.0'],[u'0.0'],[u'40.0'],[u'1.0'],[u'14.0']
coffee-creamer,[u'Coffee Creamer'],[u'Cream Ale'],[u'BJCP'],[u'1'],[u'A'],[u'6'],[u'Ale'],[u'1.042'],[u'1.055'],[u'1.006'],[u'1.012'],[u'15.0'],[u'20.0'],[u'2.5'],[u'5.0'],[u'4.2'],[u'5.6']
biermuncher-centennial-blonde-all-grain,[u'BierMuncher centennial blonde All Grain'],[u'Blonde Ale'],[u'BJCP'],[u'1'],[u'B'],[u'6'],[u'Ale'],[u'1.038'],[u'1.054'],[u'1.008'],[u'1.013'],[u'15.0'],[u'28.0'],[u'3.0'],[u'6.0'],[u'3.8'],[u'5.5']
spruce-juice-pale-ale,[u'Spruce Juice Pale Ale '],[u'American Pale Ale'],[u'BJCP'],[u'1'],[u'A'],[u'10'],[u'Ale'],[u'1.045'],[u'1.06'],[u'1.01'],[u'1.015'],[u'30.0'],[u'45.0'],[u'5.0'],[u'14.0'],[u'4.5'],[u'6.2']
ipa-938,[u'IPA'],[u'American IPA'],[u'BJCP'],[u'1'],[u'B'],[u'14'],[u'Ale'],[u'1.056'],[u'1.075'],[u'1.01'],[u'1.018'],[u'40.0'],[u'70.0'],[u'6.0'],[u'15.0'],[u'5.5'],[u'7.5']
uerige-alt-5-gallon-version-1,[u'Uerige Alt (5 gallon version)'],[u'D\xfcsseldorf Altbier'],[u'BJCP'],[u'1'],[u'C'],[u'7'],[u'Ale'],[u'1.046'],[u'1.054'],[u'1.01'],[u'1.015'],[u'35.0'],[u'50.0'],[u'11.0'],[u'17.0'],[u'4.5'],[u'5.2']
summer-wheat-80,[u'Summer Wheat'],[u'American Wheat or Rye Beer'],[u'BJCP'],[u'1'],[u'D'],[u'6'],[u'Wheat'],[u'1.04'],[u'1.055'],[u'1.008'],[u'1.013'],[u'15.0'],[u'30.0'],[u'3.0'],[u'6.0'],[u'4.0'],[u'5.5']
snoweizen,[u'Snoweizen'],[u'Weizen/Weissbier'],[u'BJCP'],[u'1'],[u'A'],[u'15'],[u'Wheat'],[u'1.044'],[u'1.052'],[u'1.01'],[u'1.014'],[u'8.0'],[u'15.0'],[u'2.0'],[u'8.0'],[u'4.3'],[u'5.6']
goose-ipa-b8cc58,[u'Goose IPA'],[u'English IPA'],[u'BJCP'],[u'1'],[u'A'],[u'14'],[u'Ale'],[u'1.05'],[u'1.075'],[u'1.01'],[u'1.018'],[u'40.0'],[u'60.0'],[u'8.0'],[u'14.0'],[u'5.0'],[u'7.5']
ipahhh,[u'IPAHHH!'],[u'American IPA'],[u'BJCP'],[u'1'],[u'B'],[u'14'],[u'Ale'],[u'1.056'],[u'1.075'],[u'1.01'],[u'1.018'],[u'40.0'],[u'70.0'],[u'6.0'],[u'15.0'],[u'5.5'],[u'7.5']
brulosophy-oktoberfest,[u'Brulosophy Oktoberfest'],[u'Oktoberfest/M\xe4rzen'],[u'BJCP'],[u'1'],[u'B'],[u'3'],[u'Lager'],[u'1.05'],[u'1.057'],[u'1.012'],[u'1.016'],[u'20.0'],[u'28.0'],[u'7.0'],[u'14.0'],[u'4.8'],[u'5.7']
peanut-butter-jelly-time-1,[u'Peanut Butter Jelly Time'],[u'Fruit Beer'],[u'BJCP'],[u'1'],[u'A'],[u'20'],[u'Ale'],[u'1.0'],[u'1.15'],[u'1.0'],[u'1.15'],[u'0.0'],[u'120.0'],[u'0.0'],[u'40.0'],[u'1.0'],[u'14.0']
pumpkin-beer-27,[u'Pumpkin Beer'],[u'Specialty Beer'],[u'BJCP'],[u'1'],[u'A'],[u'23'],[u'Ale'],[u'1.0'],[u'1.15'],[u'1.0'],[u'1.15'],[u'0.0'],[u'120.0'],[u'0.0'],[u'40.0'],[u'1.0'],[u'14.0']
mans-best-friend-1,"[u""Man's Best Friend""]",[u'American Pale Ale'],[u'BJCP'],[u'1'],[u'A'],[u'10'],[u'Ale'],[u'1.045'],[u'1.06'],[u'1.01'],[u'1.015'],[u'30.0'],[u'45.0'],[u'5.0'],[u'14.0'],[u'4.5'],[u'6.2']
bitterye,[u'BitteRye'],[u'Extra Special/Strong Bitter (English Pale Ale)'],[u'BJCP'],[u'1'],[u'C'],[u'8'],[u'Ale'],[u'1.048'],[u'1.06'],[u'1.01'],[u'1.016'],[u'30.0'],[u'50.0'],[u'6.0'],[u'18.0'],[u'4.6'],[u'6.2']
yoopers-oatmeal-stout-8,"[u""Yooper's Oatmeal Stout""]",[u'Oatmeal Stout'],[u'BJCP'],[u'1'],[u'C'],[u'13'],[u'Ale'],[u'1.048'],[u'1.065'],[u'1.01'],[u'1.018'],[u'25.0'],[u'40.0'],[u'22.0'],[u'40.0'],[u'4.2'],[u'5.9']
winter-ipa-28,[u'Winter IPA'],[u'Specialty Beer'],[u'BJCP'],[u'1'],[u'A'],[u'23'],[u'Ale'],[u'1.0'],[u'1.15'],[u'1.0'],[u'1.15'],[u'0.0'],[u'120.0'],[u'0.0'],[u'40.0'],[u'1.0'],[u'14.0']
chinook-smash-4,[u'Chinook SMaSH'],[u'American Pale Ale'],[u'BJCP'],[u'1'],[u'A'],[u'10'],[u'Ale'],[u'1.045'],[u'1.06'],[u'1.01'],[u'1.015'],[u'30.0'],[u'45.0'],[u'5.0'],[u'14.0'],[u'4.5'],[u'6.2']
ashleighs-knock-you-on-your-ass-beer,"[u""Ashleigh's Knock You on Your Ass Beer""]",[u'Russian Imperial Stout'],[u'BJCP'],[u'1'],[u'F'],[u'13'],[u'Ale'],[u'1.075'],[u'1.115'],[u'1.018'],[u'1.03'],[u'50.0'],[u'90.0'],[u'30.0'],[u'40.0'],[u'8.0'],[u'12.0']
cherry-dark-belgian,[u'Cherry Dark Belgian'],[u'Belgian Specialty Ale'],[u'BJCP'],[u'1'],[u'E'],[u'16'],[u'Ale'],[u'1.0'],[u'1.15'],[u'1.0'],[u'1.15'],[u'0.0'],[u'120.0'],[u'0.0'],[u'40.0'],[u'1.0'],[u'14.0']
winter-warmer-ale-2013,[u'Winter warmer ale 2013'],[u'Christmas/Winter Specialty Spiced Beer'],[u'BJCP'],[u'1'],[u'B'],[u'21'],[u'Ale'],[u'1.0'],[u'1.15'],[u'1.0'],[u'1.15'],[u'0.0'],[u'120.0'],[u'0.0'],[u'40.0'],[u'1.0'],[u'14.0']
welcome-winter-english-ale,[u'Welcome Winter English Ale'],[u'Specialty Beer'],[u'BJCP'],[u'1'],[u'A'],[u'23'],[u'Ale'],[u'1.0'],[u'1.15'],[u'1.0'],[u'1.15'],[u'0.0'],[u'120.0'],[u'0.0'],[u'40.0'],[u'1.0'],[u'14.0']
vanilla-porter-101,[u'Vanilla Porter'],[u'Robust Porter'],[u'BJCP'],[u'1'],[u'B'],[u'12'],[u'Ale'],[u'1.048'],[u'1.065'],[u'1.012'],[u'1.016'],[u'25.0'],[u'50.0'],[u'22.0'],[u'35.0'],[u'4.8'],[u'6.5']
hibernation-ale-gdbc-clone,[u'Hibernation Ale - GDBC Clone'],[u'Old Ale'],[u'BJCP'],[u'1'],[u'A'],[u'19'],[u'Ale'],[u'1.06'],[u'1.09'],[u'1.015'],[u'1.022'],[u'30.0'],[u'60.0'],[u'10.0'],[u'22.0'],[u'6.0'],[u'9.0']
nosferatu-clone-1,[u'Nosferatu Clone'],[u'Specialty Beer'],[u'BJCP'],[u'1'],[u'A'],[u'23'],[u'Ale'],[u'1.0'],[u'1.15'],[u'1.0'],[u'1.15'],[u'0.0'],[u'120.0'],[u'0.0'],[u'40.0'],[u'1.0'],[u'14.0']
programmers-elbow-2,"[u""Programmer's Elbow""]",[u'Extra Special/Strong Bitter (English Pale Ale)'],[u'BJCP'],[u'1'],[u'C'],[u'8'],[u'Ale'],[u'1.048'],[u'1.06'],[u'1.01'],[u'1.016'],[u'30.0'],[u'50.0'],[u'6.0'],[u'18.0'],[u'4.6'],[u'6.2']
campfire-kolsch,[u'Campfire Kolsch'],[u'K\xf6lsch'],[u'BJCP'],[u'1'],[u'C'],[u'6'],[u'Ale'],[u'1.044'],[u'1.05'],[u'1.007'],[u'1.011'],[u'20.0'],[u'30.0'],[u'3.5'],[u'5.0'],[u'4.4'],[u'5.2']
its-maibock-too-yeah,"[u""It's Maibock Too, Yeah!!!""]",[u'Maibock/Helles Bock'],[u'BJCP'],[u'1'],[u'A'],[u'5'],[u'Lager'],[u'1.064'],[u'1.072'],[u'1.011'],[u'1.018'],[u'23.0'],[u'35.0'],[u'6.0'],[u'11.0'],[u'6.3'],[u'7.4']
ezs-biab-american-brown-ale,"[u""EZ's BIAB American Brown Ale""]",[u'Specialty Beer'],[u'BJCP'],[u'1'],[u'A'],[u'23'],[u'Ale'],[u'1.0'],[u'1.15'],[u'1.0'],[u'1.15'],[u'0.0'],[u'120.0'],[u'0.0'],[u'40.0'],[u'1.0'],[u'14.0']
banana-nut-beer-3,[u'Banana Nut Beer'],[u'Dunkelweizen'],[u'BJCP'],[u'1'],[u'B'],[u'15'],[u'Wheat'],[u'1.044'],[u'1.056'],[u'1.01'],[u'1.014'],[u'10.0'],[u'18.0'],[u'14.0'],[u'23.0'],[u'4.3'],[u'5.6']
grapefruit-gose-wild-ab638f,[u'Grapefruit Gose Wild'],[u'Specialty Beer'],[u'BJCP'],[u'1'],[u'A'],[u'23'],[u'Ale'],[u'1.0'],[u'1.15'],[u'1.0'],[u'1.15'],[u'0.0'],[u'120.0'],[u'0.0'],[u'40.0'],[u'1.0'],[u'14.0']
single-hop-ipa-sorachi-ace-scaled,[u'Single Hop IPA - Sorachi Ace - Scaled'],[u'American IPA'],[u'BJCP'],[u'1'],[u'B'],[u'14'],[u'Ale'],[u'1.056'],[u'1.075'],[u'1.01'],[u'1.018'],[u'40.0'],[u'70.0'],[u'6.0'],[u'15.0'],[u'5.5'],[u'7.5']
summer-shandy-4,[u'Summer Shandy'],[u'Weizen/Weissbier'],[u'BJCP'],[u'1'],[u'A'],[u'15'],[u'Wheat'],[u'1.044'],[u'1.052'],[u'1.01'],[u'1.014'],[u'8.0'],[u'15.0'],[u'2.0'],[u'8.0'],[u'4.3'],[u'5.6']
brooklyn-brewshop-jalapeno-saison,[u'Brooklyn Brewshop Jalapeno Saison'],"[u'Spice, Herb, or Vegetable Beer']",[u'BJCP'],[u'1'],[u'A'],[u'21'],[u'Ale'],[u'1.0'],[u'1.15'],[u'1.0'],[u'1.15'],[u'0.0'],[u'120.0'],[u'0.0'],[u'40.0'],[u'1.0'],[u'14.0']
noble-trappist-ale-midwest-supplies-kit,[u'Noble Trappist Ale (Midwest Supplies Kit)'],[u'Belgian Specialty Ale'],[u'BJCP'],[u'1'],[u'E'],[u'16'],[u'Ale'],[u'1.0'],[u'1.15'],[u'1.0'],[u'1.15'],[u'0.0'],[u'120.0'],[u'0.0'],[u'40.0'],[u'1.0'],[u'14.0']
booths-brewing-supply-old-rasputin-clone,"[u""Booth's Brewing Supply Old Rasputin clone""]",[u'Russian Imperial Stout'],[u'BJCP'],[u'1'],[u'F'],[u'13'],[u'Ale'],[u'1.075'],[u'1.115'],[u'1.018'],[u'1.03'],[u'50.0'],[u'90.0'],[u'30.0'],[u'40.0'],[u'8.0'],[u'12.0']
hoppiness-is-an-ipa-palmer-et-al,[u'Hoppiness is an IPA (Palmer et al)'],[u'American IPA'],[u'BJCP'],[u'1'],[u'B'],[u'14'],[u'Ale'],[u'1.056'],[u'1.075'],[u'1.01'],[u'1.018'],[u'40.0'],[u'70.0'],[u'6.0'],[u'15.0'],[u'5.5'],[u'7.5']
single-hop-amarillo-ipa,[u'Single Hop Amarillo IPA'],[u'American IPA'],[u'BJCP'],[u'1'],[u'B'],[u'14'],[u'Ale'],[u'1.056'],[u'1.075'],[u'1.01'],[u'1.018'],[u'40.0'],[u'70.0'],[u'6.0'],[u'15.0'],[u'5.5'],[u'7.5']
chinook-ipa-30,[u'Chinook IPA'],[u'American IPA'],[u'BJCP'],[u'1'],[u'B'],[u'14'],[u'Ale'],[u'1.056'],[u'1.075'],[u'1.01'],[u'1.018'],[u'40.0'],[u'70.0'],[u'6.0'],[u'15.0'],[u'5.5'],[u'7.5']
baptism-pale-ale-mk1,[u'Baptism Pale Ale mk1'],[u'American Pale Ale'],[u'BJCP'],[u'1'],[u'A'],[u'10'],[u'Ale'],[u'1.045'],[u'1.06'],[u'1.01'],[u'1.015'],[u'30.0'],[u'45.0'],[u'5.0'],[u'14.0'],[u'4.5'],[u'6.2']
out-of-touch-oatemeal-stout,[u'Out of Touch Oatemeal Stout'],[u'Oatmeal Stout'],[u'BJCP'],[u'1'],[u'C'],[u'13'],[u'Ale'],[u'1.048'],[u'1.065'],[u'1.01'],[u'1.018'],[u'25.0'],[u'40.0'],[u'22.0'],[u'40.0'],[u'4.2'],[u'5.9']
party-dog-sierra-nevada-pa-clone,[u'Party Dog (Sierra Nevada PA clone)'],[u'American Pale Ale'],[u'BJCP'],[u'1'],[u'A'],[u'10'],[u'Ale'],[u'1.045'],[u'1.06'],[u'1.01'],[u'1.015'],[u'30.0'],[u'45.0'],[u'5.0'],[u'14.0'],[u'4.5'],[u'6.2']
daves-first-cider,"[u""Dave's first cider""]",[u'Fruit Beer'],[u'BJCP'],[u'1'],[u'A'],[u'20'],[u'Ale'],[u'1.0'],[u'1.15'],[u'1.0'],[u'1.15'],[u'0.0'],[u'120.0'],[u'0.0'],[u'40.0'],[u'1.0'],[u'14.0']
red-ipa-46,[u'Red IPA'],[u'American IPA'],[u'BJCP'],[u'1'],[u'B'],[u'14'],[u'Ale'],[u'1.056'],[u'1.075'],[u'1.01'],[u'1.018'],[u'40.0'],[u'70.0'],[u'6.0'],[u'15.0'],[u'5.5'],[u'7.5']
dammit-dan-stout,[u'Dammit Dan Stout'],[u'American Stout'],[u'BJCP'],[u'1'],[u'E'],[u'13'],[u'Ale'],[u'1.05'],[u'1.075'],[u'1.01'],[u'1.022'],[u'35.0'],[u'75.0'],[u'30.0'],[u'40.0'],[u'5.0'],[u'7.0']
blonde-ale-wlp007,[u'Blonde Ale WLP007'],[u'Blonde Ale'],[u'BJCP'],[u'1'],[u'B'],[u'6'],[u'Ale'],[u'1.038'],[u'1.054'],[u'1.008'],[u'1.013'],[u'15.0'],[u'28.0'],[u'3.0'],[u'6.0'],[u'3.8'],[u'5.5']
jamils-seb,"[u""Jamil's SEB""]",[u'Southern English Brown'],[u'BJCP'],[u'1'],[u'B'],[u'11'],[u'Ale'],[u'1.033'],[u'1.042'],[u'1.011'],[u'1.014'],[u'12.0'],[u'20.0'],[u'19.0'],[u'35.0'],[u'2.8'],[u'4.1']
kayleighs-raspberry-wheat,"[u""Kayleigh's Raspberry Wheat""]",[u'Fruit Beer'],[u'BJCP'],[u'1'],[u'A'],[u'20'],[u'Ale'],[u'1.0'],[u'1.15'],[u'1.0'],[u'1.15'],[u'0.0'],[u'120.0'],[u'0.0'],[u'40.0'],[u'1.0'],[u'14.0']
cascadian-dark-ale-45,[u'Cascadian Dark Ale'],[u'American Stout'],[u'BJCP'],[u'1'],[u'E'],[u'13'],[u'Ale'],[u'1.05'],[u'1.075'],[u'1.01'],[u'1.022'],[u'35.0'],[u'75.0'],[u'30.0'],[u'40.0'],[u'5.0'],[u'7.0']
brown-porter-5,[u'Brown porter'],[u'Brown Porter'],[u'BJCP'],[u'1'],[u'A'],[u'12'],[u'Ale'],[u'1.04'],[u'1.052'],[u'1.008'],[u'1.014'],[u'18.0'],[u'35.0'],[u'20.0'],[u'30.0'],[u'4.0'],[u'5.4']
maris-otter-nelson-sauvin-smash,[u'Maris Otter / Nelson Sauvin SMaSH'],[u'American IPA'],[u'BJCP'],[u'1'],[u'B'],[u'14'],[u'Ale'],[u'1.056'],[u'1.075'],[u'1.01'],[u'1.018'],[u'40.0'],[u'70.0'],[u'6.0'],[u'15.0'],[u'5.5'],[u'7.5']
thanksgiving-california-common,[u'Thanksgiving California Common'],[u'California Common Beer'],[u'BJCP'],[u'1'],[u'B'],[u'7'],[u'Ale'],[u'1.048'],[u'1.054'],[u'1.011'],[u'1.014'],[u'30.0'],[u'45.0'],[u'10.0'],[u'14.0'],[u'4.5'],[u'5.5']
session-red-1,[u'Session Red 1'],[u'American Amber Ale'],[u'BJCP'],[u'1'],[u'B'],[u'10'],[u'Ale'],[u'1.045'],[u'1.06'],[u'1.01'],[u'1.015'],[u'25.0'],[u'40.0'],[u'10.0'],[u'17.0'],[u'4.5'],[u'6.0']
the-bees-knees-1,[u'The Bees Knees'],[u'Witbier'],[u'BJCP'],[u'1'],[u'A'],[u'16'],[u'Wheat'],[u'1.044'],[u'1.052'],[u'1.008'],[u'1.012'],[u'10.0'],[u'20.0'],[u'2.0'],[u'4.0'],[u'4.5'],[u'5.5']
squirrel-nutkin-brown-ale,[u'Squirrel Nutkin Brown Ale'],[u'American Brown Ale'],[u'BJCP'],[u'1'],[u'C'],[u'10'],[u'Ale'],[u'1.045'],[u'1.06'],[u'1.01'],[u'1.016'],[u'20.0'],[u'40.0'],[u'18.0'],[u'35.0'],[u'4.3'],[u'6.2']
tailgate-pale-ale-mosaic-variety,[u'Tailgate Pale Ale (Mosaic Variety)'],[u'American Pale Ale'],[u'BJCP'],[u'1'],[u'A'],[u'10'],[u'Ale'],[u'1.045'],[u'1.06'],[u'1.01'],[u'1.015'],[u'30.0'],[u'45.0'],[u'5.0'],[u'14.0'],[u'4.5'],[u'6.2']
scotch-ale-69,[u'Scotch Ale'],[u'Strong Scotch Ale'],[u'BJCP'],[u'1'],[u'E'],[u'9'],[u'Ale'],[u'1.07'],[u'1.13'],[u'1.018'],[u'1.13'],[u'17.0'],[u'35.0'],[u'14.0'],[u'25.0'],[u'6.5'],[u'10.0']
drunken-santa-mad-elf-variant,[u'Drunken Santa (Mad Elf Variant)'],[u'Christmas/Winter Specialty Spiced Beer'],[u'BJCP'],[u'1'],[u'B'],[u'21'],[u'Ale'],[u'1.0'],[u'1.15'],[u'1.0'],[u'1.15'],[u'0.0'],[u'120.0'],[u'0.0'],[u'40.0'],[u'1.0'],[u'14.0']
zombie-ritual-zombie-dust-clone-biab,[u'Zombie Ritual (Zombie Dust Clone) BIAB'],[u'American IPA'],[u'BJCP'],[u'1'],[u'B'],[u'14'],[u'Ale'],[u'1.056'],[u'1.075'],[u'1.01'],[u'1.018'],[u'40.0'],[u'70.0'],[u'6.0'],[u'15.0'],[u'5.5'],[u'7.5']
sorachi-french-farmhouse-saison,[u'Sorachi French Farmhouse Saison'],[u'Belgian Specialty Ale'],[u'BJCP'],[u'1'],[u'E'],[u'16'],[u'Ale'],[u'1.0'],[u'1.15'],[u'1.0'],[u'1.15'],[u'0.0'],[u'120.0'],[u'0.0'],[u'40.0'],[u'1.0'],[u'14.0']
breakwater-pale-ale-2,[u'Breakwater Pale Ale'],[u'American Pale Ale'],[u'BJCP'],[u'1'],[u'A'],[u'10'],[u'Ale'],[u'1.045'],[u'1.06'],[u'1.01'],[u'1.015'],[u'30.0'],[u'45.0'],[u'5.0'],[u'14.0'],[u'4.5'],[u'6.2']
80-5,[u'80/-'],[u'Scottish Export 80/-'],[u'BJCP'],[u'1'],[u'C'],[u'9'],[u'Ale'],[u'1.04'],[u'1.054'],[u'1.01'],[u'1.016'],[u'15.0'],[u'30.0'],[u'9.0'],[u'17.0'],[u'3.9'],[u'5.0']
samuel-smiths-oatmeal-stout-clone-4,"[u""Samuel Smith's Oatmeal Stout Clone""]",[u'Oatmeal Stout'],[u'BJCP'],[u'1'],[u'C'],[u'13'],[u'Ale'],[u'1.048'],[u'1.065'],[u'1.01'],[u'1.018'],[u'25.0'],[u'40.0'],[u'22.0'],[u'40.0'],[u'4.2'],[u'5.9']
irish-red-ale-midwest-kit,[u'Irish Red Ale (Midwest kit)'],[u'Irish Red Ale'],[u'BJCP'],[u'1'],[u'D'],[u'9'],[u'Ale'],[u'1.044'],[u'1.06'],[u'1.01'],[u'1.014'],[u'17.0'],[u'28.0'],[u'9.0'],[u'18.0'],[u'4.0'],[u'6.0']
ice-to-69-you,[u'Ice to 69 you'],[u'American IPA'],[u'BJCP'],[u'1'],[u'B'],[u'14'],[u'Ale'],[u'1.056'],[u'1.075'],[u'1.01'],[u'1.018'],[u'40.0'],[u'70.0'],[u'6.0'],[u'15.0'],[u'5.5'],[u'7.5']
experimental-belgian-dark-strong-ale,[u'Experimental Belgian Dark Strong Ale'],[u'Belgian Dark Strong Ale'],[u'BJCP'],[u'1'],[u'E'],[u'18'],[u'Ale'],[u'1.075'],[u'1.11'],[u'1.01'],[u'1.024'],[u'20.0'],[u'35.0'],[u'12.0'],[u'22.0'],[u'8.0'],[u'11.0']
blondage,[u'Blondage'],[u'Blonde Ale'],[u'BJCP'],[u'1'],[u'B'],[u'6'],[u'Ale'],[u'1.038'],[u'1.054'],[u'1.008'],[u'1.013'],[u'15.0'],[u'28.0'],[u'3.0'],[u'6.0'],[u'3.8'],[u'5.5']
maple-pecan-nut-brown,[u'Maple Pecan Nut Brown'],[u'Northern English Brown Ale'],[u'BJCP'],[u'1'],[u'C'],[u'11'],[u'Ale'],[u'1.04'],[u'1.052'],[u'1.008'],[u'1.013'],[u'20.0'],[u'30.0'],[u'12.0'],[u'22.0'],[u'4.2'],[u'5.4']
session-black-ipa,[u'Session Black IPA'],[u'American IPA'],[u'BJCP'],[u'1'],[u'B'],[u'14'],[u'Ale'],[u'1.056'],[u'1.075'],[u'1.01'],[u'1.018'],[u'40.0'],[u'70.0'],[u'6.0'],[u'15.0'],[u'5.5'],[u'7.5']
delerium-tremens-clone-4,[u'Delerium Tremens Clone '],[u'Belgian Golden Strong Ale'],[u'BJCP'],[u'1'],[u'D'],[u'18'],[u'Ale'],[u'1.07'],[u'1.095'],[u'1.005'],[u'1.016'],[u'22.0'],[u'35.0'],[u'3.0'],[u'6.0'],[u'7.5'],[u'10.5']
chocolate-chipotle-stout-7,[u'Chocolate Chipotle Stout'],[u'American Stout'],[u'BJCP'],[u'1'],[u'E'],[u'13'],[u'Ale'],[u'1.05'],[u'1.075'],[u'1.01'],[u'1.022'],[u'35.0'],[u'75.0'],[u'30.0'],[u'40.0'],[u'5.0'],[u'7.0']
elderflower-saison-final,[u'Elderflower Saison Final'],[u'Saison'],[u'BJCP'],[u'1'],[u'C'],[u'16'],[u'Ale'],[u'1.048'],[u'1.065'],[u'1.002'],[u'1.012'],[u'20.0'],[u'35.0'],[u'5.0'],[u'14.0'],[u'5.0'],[u'7.0']
apricot-wheat-ale-a8eb6a,[u' Apricot Wheat Ale'],[u'American Wheat or Rye Beer'],[u'BJCP'],[u'1'],[u'D'],[u'6'],[u'Wheat'],[u'1.04'],[u'1.055'],[u'1.008'],[u'1.013'],[u'15.0'],[u'30.0'],[u'3.0'],[u'6.0'],[u'4.0'],[u'5.5']
jordans-hard-root-beer,"[u""Jordan's Hard Root Beer""]","[u'Spice, Herb, or Vegetable Beer']",[u'BJCP'],[u'1'],[u'A'],[u'21'],[u'Ale'],[u'1.0'],[u'1.15'],[u'1.0'],[u'1.15'],[u'0.0'],[u'120.0'],[u'0.0'],[u'40.0'],[u'1.0'],[u'14.0']
hbt-2011-russian-imperial-stout-1,[u'HBT 2011 Russian Imperial Stout'],[u'Russian Imperial Stout'],[u'BJCP'],[u'1'],[u'F'],[u'13'],[u'Ale'],[u'1.075'],[u'1.115'],[u'1.018'],[u'1.03'],[u'50.0'],[u'90.0'],[u'30.0'],[u'40.0'],[u'8.0'],[u'12.0']
pale-citra-smash-1,[u'Pale Citra SMaSH'],[u'Specialty Beer'],[u'BJCP'],[u'1'],[u'A'],[u'23'],[u'Ale'],[u'1.0'],[u'1.15'],[u'1.0'],[u'1.15'],[u'0.0'],[u'120.0'],[u'0.0'],[u'40.0'],[u'1.0'],[u'14.0']
belgian-blond-abbey-ale,[u'Belgian Blond Abbey Ale'],[u'Belgian Blond Ale'],[u'BJCP'],[u'1'],[u'A'],[u'18'],[u'Ale'],[u'1.062'],[u'1.075'],[u'1.008'],[u'1.018'],[u'15.0'],[u'30.0'],[u'4.0'],[u'7.0'],[u'6.0'],[u'7.5']
ginger-beer-42,[u'Ginger Beer'],"[u'Spice, Herb, or Vegetable Beer']",[u'BJCP'],[u'1'],[u'A'],[u'21'],[u'Ale'],[u'1.0'],[u'1.15'],[u'1.0'],[u'1.15'],[u'0.0'],[u'120.0'],[u'0.0'],[u'40.0'],[u'1.0'],[u'14.0']
pineapple-saison,[u'Pineapple Saison'],[u'Saison'],[u'BJCP'],[u'1'],[u'C'],[u'16'],[u'Ale'],[u'1.048'],[u'1.065'],[u'1.002'],[u'1.012'],[u'20.0'],[u'35.0'],[u'5.0'],[u'14.0'],[u'5.0'],[u'7.0']
belgian-dubbel-13,[u'Belgian Dubbel'],[u'Belgian Dubbel'],[u'BJCP'],[u'1'],[u'B'],[u'18'],[u'Ale'],[u'1.062'],[u'1.075'],[u'1.008'],[u'1.018'],[u'15.0'],[u'25.0'],[u'10.0'],[u'17.0'],[u'6.0'],[u'7.6']
rodenbach-grand-cru-clone-2,[u'Rodenbach Grand Cru Clone'],[u'Flanders Red Ale'],[u'BJCP'],[u'1'],[u'B'],[u'17'],[u'Ale'],[u'1.048'],[u'1.057'],[u'1.002'],[u'1.012'],[u'10.0'],[u'25.0'],[u'10.0'],[u'16.0'],[u'4.6'],[u'6.5']
flying-dog-doggie-style-classic-pale-ale-clone,[u'Flying Dog Doggie Style Classic Pale Ale Clone'],[u'American Pale Ale'],[u'BJCP'],[u'1'],[u'A'],[u'10'],[u'Ale'],[u'1.045'],[u'1.06'],[u'1.01'],[u'1.015'],[u'30.0'],[u'45.0'],[u'5.0'],[u'14.0'],[u'4.5'],[u'6.2']
pumpkin-ale-9516c3,[u'Pumpkin Ale'],"[u'Spice, Herb, or Vegetable Beer']",[u'BJCP'],[u'1'],[u'A'],[u'21'],[u'Ale'],[u'1.0'],[u'1.15'],[u'1.0'],[u'1.15'],[u'0.0'],[u'120.0'],[u'0.0'],[u'40.0'],[u'1.0'],[u'14.0']
fresh-hop-ipa-16,[u'Fresh Hop IPA'],[u'American IPA'],[u'BJCP'],[u'1'],[u'B'],[u'14'],[u'Ale'],[u'1.056'],[u'1.075'],[u'1.01'],[u'1.018'],[u'40.0'],[u'70.0'],[u'6.0'],[u'15.0'],[u'5.5'],[u'7.5']
2013-january-yotsnake-esb,[u'2013 January YOTSnake (ESB)'],[u'Extra Special/Strong Bitter (English Pale Ale)'],[u'BJCP'],[u'1'],[u'C'],[u'8'],[u'Ale'],[u'1.048'],[u'1.06'],[u'1.01'],[u'1.016'],[u'30.0'],[u'50.0'],[u'6.0'],[u'18.0'],[u'4.6'],[u'6.2']
true-german-dunkelweizen,[u'True German Dunkelweizen'],[u'Dunkelweizen'],[u'BJCP'],[u'1'],[u'B'],[u'15'],[u'Wheat'],[u'1.044'],[u'1.056'],[u'1.01'],[u'1.014'],[u'10.0'],[u'18.0'],[u'14.0'],[u'23.0'],[u'4.3'],[u'5.6']
kolsch-45-2,[u'Kolsch 45'],[u'K\xf6lsch'],[u'BJCP'],[u'1'],[u'C'],[u'6'],[u'Ale'],[u'1.044'],[u'1.05'],[u'1.007'],[u'1.011'],[u'20.0'],[u'30.0'],[u'3.5'],[u'5.0'],[u'4.4'],[u'5.2']
hoppy-amber-14,[u'Hoppy Amber'],[u'American Amber Ale'],[u'BJCP'],[u'1'],[u'B'],[u'10'],[u'Ale'],[u'1.045'],[u'1.06'],[u'1.01'],[u'1.015'],[u'25.0'],[u'40.0'],[u'10.0'],[u'17.0'],[u'4.5'],[u'6.0']
heavy-axe-1,[u'Heavy Axe #1'],[u'Strong Scotch Ale'],[u'BJCP'],[u'1'],[u'E'],[u'9'],[u'Ale'],[u'1.07'],[u'1.13'],[u'1.018'],[u'1.13'],[u'17.0'],[u'35.0'],[u'14.0'],[u'25.0'],[u'6.5'],[u'10.0']
angel-ipa-de8bb1,[u'Angel IPA'],[u'American IPA'],[u'BJCP'],[u'1'],[u'B'],[u'14'],[u'Ale'],[u'1.056'],[u'1.075'],[u'1.01'],[u'1.018'],[u'40.0'],[u'70.0'],[u'6.0'],[u'15.0'],[u'5.5'],[u'7.5']
vanilla-bourbon-stout-362a3e,[u'Vanilla bourbon stout'],[u'American Stout'],[u'BJCP'],[u'1'],[u'E'],[u'13'],[u'Ale'],[u'1.05'],[u'1.075'],[u'1.01'],[u'1.022'],[u'35.0'],[u'75.0'],[u'30.0'],[u'40.0'],[u'5.0'],[u'7.0']
oatmeal-stout-248,[u'Oatmeal Stout'],[u'Oatmeal Stout'],[u'BJCP'],[u'1'],[u'C'],[u'13'],[u'Ale'],[u'1.048'],[u'1.065'],[u'1.01'],[u'1.018'],[u'25.0'],[u'40.0'],[u'22.0'],[u'40.0'],[u'4.2'],[u'5.9']
rye-pale-ale-78,[u'Rye pale ale'],[u'Specialty Beer'],[u'BJCP'],[u'1'],[u'A'],[u'23'],[u'Ale'],[u'1.0'],[u'1.15'],[u'1.0'],[u'1.15'],[u'0.0'],[u'120.0'],[u'0.0'],[u'40.0'],[u'1.0'],[u'14.0']
sorachi-ace-saison-8,[u'Sorachi Ace Saison'],[u'Saison'],[u'BJCP'],[u'1'],[u'C'],[u'16'],[u'Ale'],[u'1.048'],[u'1.065'],[u'1.002'],[u'1.012'],[u'20.0'],[u'35.0'],[u'5.0'],[u'14.0'],[u'5.0'],[u'7.0']
oatmeal-raisin-cookie-amber,[u'Oatmeal Raisin Cookie Amber'],"[u'Spice, Herb, or Vegetable Beer']",[u'BJCP'],[u'1'],[u'A'],[u'21'],[u'Ale'],[u'1.0'],[u'1.15'],[u'1.0'],[u'1.15'],[u'0.0'],[u'120.0'],[u'0.0'],[u'40.0'],[u'1.0'],[u'14.0']
pacific-pale,[u'Pacific Pale'],[u'American Pale Ale'],[u'BJCP'],[u'1'],[u'A'],[u'10'],[u'Ale'],[u'1.045'],[u'1.06'],[u'1.01'],[u'1.015'],[u'30.0'],[u'45.0'],[u'5.0'],[u'14.0'],[u'4.5'],[u'6.2']
easy-wheat-beer,[u'Easy Wheat Beer'],[u'Witbier'],[u'BJCP'],[u'1'],[u'A'],[u'16'],[u'Wheat'],[u'1.044'],[u'1.052'],[u'1.008'],[u'1.012'],[u'10.0'],[u'20.0'],[u'2.0'],[u'4.0'],[u'4.5'],[u'5.5']
belgian-blonde-ale-16,[u'Belgian Blonde Ale'],[u'Belgian Blond Ale'],[u'BJCP'],[u'1'],[u'A'],[u'18'],[u'Ale'],[u'1.062'],[u'1.075'],[u'1.008'],[u'1.018'],[u'15.0'],[u'30.0'],[u'4.0'],[u'7.0'],[u'6.0'],[u'7.5']
brew-session-esb,[u'Brew Session ESB'],[u'Extra Special/Strong Bitter (English Pale Ale)'],[u'BJCP'],[u'1'],[u'C'],[u'8'],[u'Ale'],[u'1.048'],[u'1.06'],[u'1.01'],[u'1.016'],[u'30.0'],[u'50.0'],[u'6.0'],[u'18.0'],[u'4.6'],[u'6.2']
orange-door-blonde,[u'Orange Door Blonde'],[u'Blonde Ale'],[u'BJCP'],[u'1'],[u'B'],[u'6'],[u'Ale'],[u'1.038'],[u'1.054'],[u'1.008'],[u'1.013'],[u'15.0'],[u'28.0'],[u'3.0'],[u'6.0'],[u'3.8'],[u'5.5']
lagunitas-ipa-clone-32,[u'Lagunitas IPA clone'],[u'American IPA'],[u'BJCP'],[u'1'],[u'B'],[u'14'],[u'Ale'],[u'1.056'],[u'1.075'],[u'1.01'],[u'1.018'],[u'40.0'],[u'70.0'],[u'6.0'],[u'15.0'],[u'5.5'],[u'7.5']
honey-nut-brown-12,[u'Honey Nut Brown'],[u'American Brown Ale'],[u'BJCP'],[u'1'],[u'C'],[u'10'],[u'Ale'],[u'1.045'],[u'1.06'],[u'1.01'],[u'1.016'],[u'20.0'],[u'40.0'],[u'18.0'],[u'35.0'],[u'4.3'],[u'6.2']
citra-single-hop-ipa,[u'Citra Single Hop IPA'],[u'American IPA'],[u'BJCP'],[u'1'],[u'B'],[u'14'],[u'Ale'],[u'1.056'],[u'1.075'],[u'1.01'],[u'1.018'],[u'40.0'],[u'70.0'],[u'6.0'],[u'15.0'],[u'5.5'],[u'7.5']
sqhell-2-the-extractioning,[u'SQHELL 2: The Extractioning'],[u'Munich Helles'],[u'BJCP'],[u'1'],[u'D'],[u'1'],[u'Lager'],[u'1.045'],[u'1.051'],[u'1.008'],[u'1.012'],[u'16.0'],[u'22.0'],[u'3.0'],[u'5.0'],[u'4.7'],[u'5.4']
irish-red-20,[u'Irish red'],[u'Irish Red Ale'],[u'BJCP'],[u'1'],[u'D'],[u'9'],[u'Ale'],[u'1.044'],[u'1.06'],[u'1.01'],[u'1.014'],[u'17.0'],[u'28.0'],[u'9.0'],[u'18.0'],[u'4.0'],[u'6.0']
reapers-mild-sub-willamette,"[u""Reaper's Mild sub willamette""]",[u'Mild'],[u'BJCP'],[u'1'],[u'A'],[u'11'],[u'Ale'],[u'1.03'],[u'1.038'],[u'1.008'],[u'1.013'],[u'10.0'],[u'25.0'],[u'12.0'],[u'25.0'],[u'2.8'],[u'4.5']
simply-citra,[u'Simply Citra'],[u'American Pale Ale'],[u'BJCP'],[u'1'],[u'A'],[u'10'],[u'Ale'],[u'1.045'],[u'1.06'],[u'1.01'],[u'1.015'],[u'30.0'],[u'45.0'],[u'5.0'],[u'14.0'],[u'4.5'],[u'6.2']
andes-mint-chocolate-stout-2,[u'Andes Mint Chocolate Stout'],[u'Sweet Stout'],[u'BJCP'],[u'1'],[u'B'],[u'13'],[u'Ale'],[u'1.044'],[u'1.06'],[u'1.012'],[u'1.024'],[u'20.0'],[u'40.0'],[u'30.0'],[u'40.0'],[u'4.0'],[u'6.0']
exploding-peach-wheat,[u'Exploding Peach Wheat'],[u'American Wheat or Rye Beer'],[u'BJCP'],[u'1'],[u'D'],[u'6'],[u'Wheat'],[u'1.04'],[u'1.055'],[u'1.008'],[u'1.013'],[u'15.0'],[u'30.0'],[u'3.0'],[u'6.0'],[u'4.0'],[u'5.5']
bronco-orange-hefeweizen-biab,[u'Bronco Orange Hefeweizen BIAB'],[u'Weizen/Weissbier'],[u'BJCP'],[u'1'],[u'A'],[u'15'],[u'Wheat'],[u'1.044'],[u'1.052'],[u'1.01'],[u'1.014'],[u'8.0'],[u'15.0'],[u'2.0'],[u'8.0'],[u'4.3'],[u'5.6']
christmas-ale-56,[u'Christmas Ale'],[u'Christmas/Winter Specialty Spiced Beer'],[u'BJCP'],[u'1'],[u'B'],[u'21'],[u'Ale'],[u'1.0'],[u'1.15'],[u'1.0'],[u'1.15'],[u'0.0'],[u'120.0'],[u'0.0'],[u'40.0'],[u'1.0'],[u'14.0']
celtic-sunrise-irish-red-ale,[u'Celtic Sunrise Irish Red Ale'],[u'Irish Red Ale'],[u'BJCP'],[u'1'],[u'D'],[u'9'],[u'Ale'],[u'1.044'],[u'1.06'],[u'1.01'],[u'1.014'],[u'17.0'],[u'28.0'],[u'9.0'],[u'18.0'],[u'4.0'],[u'6.0']
z-amber-ale,[u'Z Amber Ale'],[u'American Amber Ale'],[u'BJCP'],[u'1'],[u'B'],[u'10'],[u'Ale'],[u'1.045'],[u'1.06'],[u'1.01'],[u'1.015'],[u'25.0'],[u'40.0'],[u'10.0'],[u'17.0'],[u'4.5'],[u'6.0']
herms-l-red-ranger,[u'Herms\xf8l - Red Ranger'],[u'Irish Red Ale'],[u'BJCP'],[u'1'],[u'D'],[u'9'],[u'Ale'],[u'1.044'],[u'1.06'],[u'1.01'],[u'1.014'],[u'17.0'],[u'28.0'],[u'9.0'],[u'18.0'],[u'4.0'],[u'6.0']
cherry-saison-8,[u'Cherry Saison'],[u'Saison'],[u'BJCP'],[u'1'],[u'C'],[u'16'],[u'Ale'],[u'1.048'],[u'1.065'],[u'1.002'],[u'1.012'],[u'20.0'],[u'35.0'],[u'5.0'],[u'14.0'],[u'5.0'],[u'7.0']
snow-shovel-helles-2011-06-09-version,[u'Snow Shovel Helles (2011-06-09 version)'],[u'Munich Helles'],[u'BJCP'],[u'1'],[u'D'],[u'1'],[u'Lager'],[u'1.045'],[u'1.051'],[u'1.008'],[u'1.012'],[u'16.0'],[u'22.0'],[u'3.0'],[u'5.0'],[u'4.7'],[u'5.4']
vanilla-and-coffee-porter-3,[u'Vanilla & Coffee Porter'],[u'Robust Porter'],[u'BJCP'],[u'1'],[u'B'],[u'12'],[u'Ale'],[u'1.048'],[u'1.065'],[u'1.012'],[u'1.016'],[u'25.0'],[u'50.0'],[u'22.0'],[u'35.0'],[u'4.8'],[u'6.5']
moose-drool-2,[u'Moose Drool'],[u'American Brown Ale'],[u'BJCP'],[u'1'],[u'C'],[u'10'],[u'Ale'],[u'1.045'],[u'1.06'],[u'1.01'],[u'1.016'],[u'20.0'],[u'40.0'],[u'18.0'],[u'35.0'],[u'4.3'],[u'6.2']
golden-magic-hefeweizen,[u'Golden Magic Hefeweizen'],[u'Weizen/Weissbier'],[u'BJCP'],[u'1'],[u'A'],[u'15'],[u'Wheat'],[u'1.044'],[u'1.052'],[u'1.01'],[u'1.014'],[u'8.0'],[u'15.0'],[u'2.0'],[u'8.0'],[u'4.3'],[u'5.6']
chocolate-oatmeal-stout-ab8b1f,[u'chocolate oatmeal stout'],[u'Oatmeal Stout'],[u'BJCP'],[u'1'],[u'C'],[u'13'],[u'Ale'],[u'1.048'],[u'1.065'],[u'1.01'],[u'1.018'],[u'25.0'],[u'40.0'],[u'22.0'],[u'40.0'],[u'4.2'],[u'5.9']
nasty-nates-armadillo,"[u""Nasty Nate's Armadillo""]",[u'American IPA'],[u'BJCP'],[u'1'],[u'B'],[u'14'],[u'Ale'],[u'1.056'],[u'1.075'],[u'1.01'],[u'1.018'],[u'40.0'],[u'70.0'],[u'6.0'],[u'15.0'],[u'5.5'],[u'7.5']
brians-bawdy-berliner,"[u""Brian's Bawdy Berliner""]",[u'Berliner Weisse'],[u'BJCP'],[u'1'],[u'A'],[u'17'],[u'Ale'],[u'1.028'],[u'1.032'],[u'1.003'],[u'1.006'],[u'3.0'],[u'8.0'],[u'2.0'],[u'3.0'],[u'2.8'],[u'3.8']
an-ale-supreme,[u'An Ale Supreme'],[u'Northern English Brown Ale'],[u'BJCP'],[u'1'],[u'C'],[u'11'],[u'Ale'],[u'1.04'],[u'1.052'],[u'1.008'],[u'1.013'],[u'20.0'],[u'30.0'],[u'12.0'],[u'22.0'],[u'4.2'],[u'5.4']
rye-saison-89,[u'RYE SAISON'],[u'Saison'],[u'BJCP'],[u'1'],[u'C'],[u'16'],[u'Ale'],[u'1.048'],[u'1.065'],[u'1.002'],[u'1.012'],[u'20.0'],[u'35.0'],[u'5.0'],[u'14.0'],[u'5.0'],[u'7.0']
oatmeal-stout-toasted,[u'Oatmeal Stout (Toasted)'],[u'Oatmeal Stout'],[u'BJCP'],[u'1'],[u'C'],[u'13'],[u'Ale'],[u'1.048'],[u'1.065'],[u'1.01'],[u'1.018'],[u'25.0'],[u'40.0'],[u'22.0'],[u'40.0'],[u'4.2'],[u'5.9']
blueberry-spring-beer,[u'Blueberry Spring Beer'],[u'American Pale Ale'],[u'BJCP'],[u'1'],[u'A'],[u'10'],[u'Ale'],[u'1.045'],[u'1.06'],[u'1.01'],[u'1.015'],[u'30.0'],[u'45.0'],[u'5.0'],[u'14.0'],[u'4.5'],[u'6.2']
country-bumpkinweizen,[u'Country Bumpkinweizen'],[u'Dunkelweizen'],[u'BJCP'],[u'1'],[u'B'],[u'15'],[u'Wheat'],[u'1.044'],[u'1.056'],[u'1.01'],[u'1.014'],[u'10.0'],[u'18.0'],[u'14.0'],[u'23.0'],[u'4.3'],[u'5.6']
centennial-blonde-56,[u'Centennial Blonde'],[u'Blonde Ale'],[u'BJCP'],[u'1'],[u'B'],[u'6'],[u'Ale'],[u'1.038'],[u'1.054'],[u'1.008'],[u'1.013'],[u'15.0'],[u'28.0'],[u'3.0'],[u'6.0'],[u'3.8'],[u'5.5']
wilder-ginger,[u'Wilder Ginger'],[u'Fruit Beer'],[u'BJCP'],[u'1'],[u'A'],[u'20'],[u'Ale'],[u'1.0'],[u'1.15'],[u'1.0'],[u'1.15'],[u'0.0'],[u'120.0'],[u'0.0'],[u'40.0'],[u'1.0'],[u'14.0']
dont-push-back-strawberry-blonde,"[u""Don't Push Back Strawberry Blonde""]",[u'Fruit Beer'],[u'BJCP'],[u'1'],[u'A'],[u'20'],[u'Ale'],[u'1.0'],[u'1.15'],[u'1.0'],[u'1.15'],[u'0.0'],[u'120.0'],[u'0.0'],[u'40.0'],[u'1.0'],[u'14.0']
sqhell,[u'SQHELL'],[u'Munich Helles'],[u'BJCP'],[u'1'],[u'D'],[u'1'],[u'Lager'],[u'1.045'],[u'1.051'],[u'1.008'],[u'1.012'],[u'16.0'],[u'22.0'],[u'3.0'],[u'5.0'],[u'4.7'],[u'5.4']
weihenstephaner-hefe-weissbier-1-1,[u'Weihenstephaner Hefe Weissbier #1'],[u'Weizen/Weissbier'],[u'BJCP'],[u'1'],[u'A'],[u'15'],[u'Wheat'],[u'1.044'],[u'1.052'],[u'1.01'],[u'1.014'],[u'8.0'],[u'15.0'],[u'2.0'],[u'8.0'],[u'4.3'],[u'5.6']
2-summer-smash-ipa,[u'#2 Summer SMaSH IPA'],[u'American IPA'],[u'BJCP'],[u'1'],[u'B'],[u'14'],[u'Ale'],[u'1.056'],[u'1.075'],[u'1.01'],[u'1.018'],[u'40.0'],[u'70.0'],[u'6.0'],[u'15.0'],[u'5.5'],[u'7.5']
oud-bruin-ea27b5,[u'Oud Bruin'],[u'Flanders Brown Ale/Oud Bruin'],[u'BJCP'],[u'1'],[u'C'],[u'17'],[u'Ale'],[u'1.04'],[u'1.074'],[u'1.008'],[u'1.012'],[u'20.0'],[u'25.0'],[u'15.0'],[u'22.0'],[u'4.0'],[u'8.0']
citra-mosaic-half-hearted-edec03,[u'Citra Mosaic Half Hearted'],[u'American IPA'],[u'BJCP'],[u'1'],[u'B'],[u'14'],[u'Ale'],[u'1.056'],[u'1.075'],[u'1.01'],[u'1.018'],[u'40.0'],[u'70.0'],[u'6.0'],[u'15.0'],[u'5.5'],[u'7.5']
bismarck-pils,[u'Bismarck Pils'],[u'German Pilsner (Pils)'],[u'BJCP'],[u'1'],[u'A'],[u'2'],[u'Lager'],[u'1.044'],[u'1.05'],[u'1.008'],[u'1.013'],[u'25.0'],[u'45.0'],[u'2.0'],[u'5.0'],[u'4.4'],[u'5.2']
tank-7-farmhose-clone,[u'tank 7 farmhose clone'],[u'Belgian Specialty Ale'],[u'BJCP'],[u'1'],[u'E'],[u'16'],[u'Ale'],[u'1.0'],[u'1.15'],[u'1.0'],[u'1.15'],[u'0.0'],[u'120.0'],[u'0.0'],[u'40.0'],[u'1.0'],[u'14.0']
azacca-smash-1,[u'Azacca SMASH'],[u'American IPA'],[u'BJCP'],[u'1'],[u'B'],[u'14'],[u'Ale'],[u'1.056'],[u'1.075'],[u'1.01'],[u'1.018'],[u'40.0'],[u'70.0'],[u'6.0'],[u'15.0'],[u'5.5'],[u'7.5']
fullers-london-pride-2,"[u""Fuller's London Pride""]",[u'Extra Special/Strong Bitter (English Pale Ale)'],[u'BJCP'],[u'1'],[u'C'],[u'8'],[u'Ale'],[u'1.048'],[u'1.06'],[u'1.01'],[u'1.016'],[u'30.0'],[u'50.0'],[u'6.0'],[u'18.0'],[u'4.6'],[u'6.2']
tan-clone-bass-ale,[u'Tan (Clone - Bass Ale)'],[u'Extra Special/Strong Bitter (English Pale Ale)'],[u'BJCP'],[u'1'],[u'C'],[u'8'],[u'Ale'],[u'1.048'],[u'1.06'],[u'1.01'],[u'1.016'],[u'30.0'],[u'50.0'],[u'6.0'],[u'18.0'],[u'4.6'],[u'6.2']
hefeweizen-72,[u'Hefeweizen'],[u'Weizen/Weissbier'],[u'BJCP'],[u'1'],[u'A'],[u'15'],[u'Wheat'],[u'1.044'],[u'1.052'],[u'1.01'],[u'1.014'],[u'8.0'],[u'15.0'],[u'2.0'],[u'8.0'],[u'4.3'],[u'5.6']
optimator-beer-captured-recipe,[u'Optimator - Beer Captured Recipe'],[u'Doppelbock'],[u'BJCP'],[u'1'],[u'C'],[u'5'],[u'Lager'],[u'1.072'],[u'1.112'],[u'1.016'],[u'1.024'],[u'16.0'],[u'26.0'],[u'6.0'],[u'25.0'],[u'7.0'],[u'10.0']
irish-red-2011,[u'Irish Red 2011'],[u'Irish Red Ale'],[u'BJCP'],[u'1'],[u'D'],[u'9'],[u'Ale'],[u'1.044'],[u'1.06'],[u'1.01'],[u'1.014'],[u'17.0'],[u'28.0'],[u'9.0'],[u'18.0'],[u'4.0'],[u'6.0']
amerikanische-kolsch-nummer-eins,[u'Amerikanische Kolsch Nummer Eins'],[u'K\xf6lsch'],[u'BJCP'],[u'1'],[u'C'],[u'6'],[u'Ale'],[u'1.044'],[u'1.05'],[u'1.007'],[u'1.011'],[u'20.0'],[u'30.0'],[u'3.5'],[u'5.0'],[u'4.4'],[u'5.2']
2012-scottish-ale,[u'2012 Scottish Ale'],[u'Strong Scotch Ale'],[u'BJCP'],[u'1'],[u'E'],[u'9'],[u'Ale'],[u'1.07'],[u'1.13'],[u'1.018'],[u'1.13'],[u'17.0'],[u'35.0'],[u'14.0'],[u'25.0'],[u'6.5'],[u'10.0']
mighty-munich-dunkel,[u'Mighty Munich Dunkel'],[u'Munich Dunkel'],[u'BJCP'],[u'1'],[u'B'],[u'4'],[u'Lager'],[u'1.048'],[u'1.056'],[u'1.01'],[u'1.016'],[u'18.0'],[u'28.0'],[u'14.0'],[u'28.0'],[u'4.5'],[u'5.6']
milk-chocolate-peanut-butter-stout,[u'Milk Chocolate Peanut Butter Stout'],[u'American Stout'],[u'BJCP'],[u'1'],[u'E'],[u'13'],[u'Ale'],[u'1.05'],[u'1.075'],[u'1.01'],[u'1.022'],[u'35.0'],[u'75.0'],[u'30.0'],[u'40.0'],[u'5.0'],[u'7.0']
fruit-bomb-apa,[u'Fruit Bomb APA'],[u'American Pale Ale'],[u'BJCP'],[u'1'],[u'A'],[u'10'],[u'Ale'],[u'1.045'],[u'1.06'],[u'1.01'],[u'1.015'],[u'30.0'],[u'45.0'],[u'5.0'],[u'14.0'],[u'4.5'],[u'6.2']
voluptious-milk-stout,"[u'Voluptious, Milk Stout']",[u'Sweet Stout'],[u'BJCP'],[u'1'],[u'B'],[u'13'],[u'Ale'],[u'1.044'],[u'1.06'],[u'1.012'],[u'1.024'],[u'20.0'],[u'40.0'],[u'30.0'],[u'40.0'],[u'4.0'],[u'6.0']
centennial-esb-1,[u'Centennial ESB'],[u'Extra Special/Strong Bitter (English Pale Ale)'],[u'BJCP'],[u'1'],[u'C'],[u'8'],[u'Ale'],[u'1.048'],[u'1.06'],[u'1.01'],[u'1.016'],[u'30.0'],[u'50.0'],[u'6.0'],[u'18.0'],[u'4.6'],[u'6.2']
permafrost-white-ipa-northern-brewer,[u'Permafrost White IPA (Northern Brewer)'],[u'Belgian Specialty Ale'],[u'BJCP'],[u'1'],[u'E'],[u'16'],[u'Ale'],[u'1.0'],[u'1.15'],[u'1.0'],[u'1.15'],[u'0.0'],[u'120.0'],[u'0.0'],[u'40.0'],[u'1.0'],[u'14.0']
rosemary-orange-saison-3-gal,[u'Rosemary Orange Saison (3 gal)'],[u'Saison'],[u'BJCP'],[u'1'],[u'C'],[u'16'],[u'Ale'],[u'1.048'],[u'1.065'],[u'1.002'],[u'1.012'],[u'20.0'],[u'35.0'],[u'5.0'],[u'14.0'],[u'5.0'],[u'7.0']
13003-black-pepper-saison,[u'#13003 Black Pepper Saison'],[u'Saison'],[u'BJCP'],[u'1'],[u'C'],[u'16'],[u'Ale'],[u'1.048'],[u'1.065'],[u'1.002'],[u'1.012'],[u'20.0'],[u'35.0'],[u'5.0'],[u'14.0'],[u'5.0'],[u'7.0']
houblon-chouffe-aka-hopchewy,[u'Houblon Chouffe aka HopChewy'],[u'Belgian Tripel'],[u'BJCP'],[u'1'],[u'C'],[u'18'],[u'Ale'],[u'1.075'],[u'1.085'],[u'1.008'],[u'1.014'],[u'20.0'],[u'40.0'],[u'4.5'],[u'7.0'],[u'7.5'],[u'9.5']
citra-pale-ale-124,[u'Citra Pale Ale'],[u'American Pale Ale'],[u'BJCP'],[u'1'],[u'A'],[u'10'],[u'Ale'],[u'1.045'],[u'1.06'],[u'1.01'],[u'1.015'],[u'30.0'],[u'45.0'],[u'5.0'],[u'14.0'],[u'4.5'],[u'6.2']
session-able-ipa,[u'Session-able IPA'],[u'English IPA'],[u'BJCP'],[u'1'],[u'A'],[u'14'],[u'Ale'],[u'1.05'],[u'1.075'],[u'1.01'],[u'1.018'],[u'40.0'],[u'60.0'],[u'8.0'],[u'14.0'],[u'5.0'],[u'7.5']
dogfish-head-punkin-clone-1,[u'Dogfish Head Punkin Clone'],[u'Specialty Beer'],[u'BJCP'],[u'1'],[u'A'],[u'23'],[u'Ale'],[u'1.0'],[u'1.15'],[u'1.0'],[u'1.15'],[u'0.0'],[u'120.0'],[u'0.0'],[u'40.0'],[u'1.0'],[u'14.0']
spjs-strong-ginger-beer-ging-arrg-beer,"[u'SPJ\'s Strong Ginger Beer (""Ging-Arrg!! Beer"")']","[u'Spice, Herb, or Vegetable Beer']",[u'BJCP'],[u'1'],[u'A'],[u'21'],[u'Ale'],[u'1.0'],[u'1.15'],[u'1.0'],[u'1.15'],[u'0.0'],[u'120.0'],[u'0.0'],[u'40.0'],[u'1.0'],[u'14.0']
kona-coffee-stout,[u'Kona Coffee Stout'],[u'American Stout'],[u'BJCP'],[u'1'],[u'E'],[u'13'],[u'Ale'],[u'1.05'],[u'1.075'],[u'1.01'],[u'1.022'],[u'35.0'],[u'75.0'],[u'30.0'],[u'40.0'],[u'5.0'],[u'7.0']
jamils-weizenbock,"[u""Jamil's Weizenbock""]",[u'Weizenbock'],[u'BJCP'],[u'1'],[u'C'],[u'15'],[u'Wheat'],[u'1.064'],[u'1.09'],[u'1.015'],[u'1.022'],[u'15.0'],[u'30.0'],[u'12.0'],[u'25.0'],[u'6.5'],[u'8.0']
munich-dunkel-28,[u'Munich Dunkel'],[u'Munich Dunkel'],[u'BJCP'],[u'1'],[u'B'],[u'4'],[u'Lager'],[u'1.048'],[u'1.056'],[u'1.01'],[u'1.016'],[u'18.0'],[u'28.0'],[u'14.0'],[u'28.0'],[u'4.5'],[u'5.6']
english-bitter-45,[u'English Bitter'],[u'Standard/Ordinary Bitter'],[u'BJCP'],[u'1'],[u'A'],[u'8'],[u'Ale'],[u'1.032'],[u'1.04'],[u'1.007'],[u'1.011'],[u'25.0'],[u'35.0'],[u'4.0'],[u'14.0'],[u'3.2'],[u'3.8']
robert-burns-250th-anniversary-auld-reekie-wee-heavy-scotch-ale,"[u'Robert Burns\' 250th Anniversary ""Auld Reekie"" Wee Heavy Scotch Ale']",[u'Strong Scotch Ale'],[u'BJCP'],[u'1'],[u'E'],[u'9'],[u'Ale'],[u'1.07'],[u'1.13'],[u'1.018'],[u'1.13'],[u'17.0'],[u'35.0'],[u'14.0'],[u'25.0'],[u'6.5'],[u'10.0']
samuel-smith-oatmeal-stout-2,[u'Samuel Smith Oatmeal Stout'],[u'Oatmeal Stout'],[u'BJCP'],[u'1'],[u'C'],[u'13'],[u'Ale'],[u'1.048'],[u'1.065'],[u'1.01'],[u'1.018'],[u'25.0'],[u'40.0'],[u'22.0'],[u'40.0'],[u'4.2'],[u'5.9']
strawberry-wheat-7,[u'Strawberry Wheat'],[u'Weizen/Weissbier'],[u'BJCP'],[u'1'],[u'A'],[u'15'],[u'Wheat'],[u'1.044'],[u'1.052'],[u'1.01'],[u'1.014'],[u'8.0'],[u'15.0'],[u'2.0'],[u'8.0'],[u'4.3'],[u'5.6']
lavender-saison,[u'Lavender Saison '],[u'Saison'],[u'BJCP'],[u'1'],[u'C'],[u'16'],[u'Ale'],[u'1.048'],[u'1.065'],[u'1.002'],[u'1.012'],[u'20.0'],[u'35.0'],[u'5.0'],[u'14.0'],[u'5.0'],[u'7.0']
marzen-panzer,[u'Marzen Panzer'],[u'Oktoberfest/M\xe4rzen'],[u'BJCP'],[u'1'],[u'B'],[u'3'],[u'Lager'],[u'1.05'],[u'1.057'],[u'1.012'],[u'1.016'],[u'20.0'],[u'28.0'],[u'7.0'],[u'14.0'],[u'4.8'],[u'5.7']
the-albino-white-mocha-stout,"[u""'The Albino' White Mocha Stout""]",[u'Specialty Beer'],[u'BJCP'],[u'1'],[u'A'],[u'23'],[u'Ale'],[u'1.0'],[u'1.15'],[u'1.0'],[u'1.15'],[u'0.0'],[u'120.0'],[u'0.0'],[u'40.0'],[u'1.0'],[u'14.0']
vanilla-oatmeal-stout-1,[u'Vanilla Oatmeal Stout'],[u'Oatmeal Stout'],[u'BJCP'],[u'1'],[u'C'],[u'13'],[u'Ale'],[u'1.048'],[u'1.065'],[u'1.01'],[u'1.018'],[u'25.0'],[u'40.0'],[u'22.0'],[u'40.0'],[u'4.2'],[u'5.9']
chimay-red-clone-5,[u'Chimay Red Clone'],[u'Belgian Dubbel'],[u'BJCP'],[u'1'],[u'B'],[u'18'],[u'Ale'],[u'1.062'],[u'1.075'],[u'1.008'],[u'1.018'],[u'15.0'],[u'25.0'],[u'10.0'],[u'17.0'],[u'6.0'],[u'7.6']
duvel-clone-4cac8f,[u'Duvel Clone'],[u'Belgian Golden Strong Ale'],[u'BJCP'],[u'1'],[u'D'],[u'18'],[u'Ale'],[u'1.07'],[u'1.095'],[u'1.005'],[u'1.016'],[u'22.0'],[u'35.0'],[u'3.0'],[u'6.0'],[u'7.5'],[u'10.5']
pliny-the-elder-clone-86,[u'Pliny the Elder Clone'],[u'Imperial IPA'],[u'BJCP'],[u'1'],[u'C'],[u'14'],[u'Ale'],[u'1.07'],[u'1.09'],[u'1.01'],[u'1.02'],[u'60.0'],[u'120.0'],[u'8.0'],[u'15.0'],[u'7.5'],[u'10.0']
nilssons-svart,[u'Nilssons Svart'],[u'Oatmeal Stout'],[u'BJCP'],[u'1'],[u'C'],[u'13'],[u'Ale'],[u'1.048'],[u'1.065'],[u'1.01'],[u'1.018'],[u'25.0'],[u'40.0'],[u'22.0'],[u'40.0'],[u'4.2'],[u'5.9']
vanilla-milk-stout-14,[u'Vanilla Milk Stout'],[u'Sweet Stout'],[u'BJCP'],[u'1'],[u'B'],[u'13'],[u'Ale'],[u'1.044'],[u'1.06'],[u'1.012'],[u'1.024'],[u'20.0'],[u'40.0'],[u'30.0'],[u'40.0'],[u'4.0'],[u'6.0']
peanut-butter-porter-18,[u'Peanut Butter Porter'],[u'Brown Porter'],[u'BJCP'],[u'1'],[u'A'],[u'12'],[u'Ale'],[u'1.04'],[u'1.052'],[u'1.008'],[u'1.014'],[u'18.0'],[u'35.0'],[u'20.0'],[u'30.0'],[u'4.0'],[u'5.4']
lime-pepper-saison,[u'Lime Pepper Saison'],[u'Saison'],[u'BJCP'],[u'1'],[u'C'],[u'16'],[u'Ale'],[u'1.048'],[u'1.065'],[u'1.002'],[u'1.012'],[u'20.0'],[u'35.0'],[u'5.0'],[u'14.0'],[u'5.0'],[u'7.0']
northern-brewer-dead-ringer-ipa,[u'Northern Brewer Dead Ringer IPA'],[u'American IPA'],[u'BJCP'],[u'1'],[u'B'],[u'14'],[u'Ale'],[u'1.056'],[u'1.075'],[u'1.01'],[u'1.018'],[u'40.0'],[u'70.0'],[u'6.0'],[u'15.0'],[u'5.5'],[u'7.5']
kansai-cranberry-christmas-porter-2014,[u'Kansai Cranberry Christmas Porter 2014'],[u'Christmas/Winter Specialty Spiced Beer'],[u'BJCP'],[u'1'],[u'B'],[u'21'],[u'Ale'],[u'1.0'],[u'1.15'],[u'1.0'],[u'1.15'],[u'0.0'],[u'120.0'],[u'0.0'],[u'40.0'],[u'1.0'],[u'14.0']
chilly-willy-winter-warmer,[u'Chilly Willy Winter Warmer'],[u'Christmas/Winter Specialty Spiced Beer'],[u'BJCP'],[u'1'],[u'B'],[u'21'],[u'Ale'],[u'1.0'],[u'1.15'],[u'1.0'],[u'1.15'],[u'0.0'],[u'120.0'],[u'0.0'],[u'40.0'],[u'1.0'],[u'14.0']
tunnocks-tea-cake-porter,"[u""Tunnock's Tea Cake (Porter)""]",[u'Specialty Beer'],[u'BJCP'],[u'1'],[u'A'],[u'23'],[u'Ale'],[u'1.0'],[u'1.15'],[u'1.0'],[u'1.15'],[u'0.0'],[u'120.0'],[u'0.0'],[u'40.0'],[u'1.0'],[u'14.0']
chinook-rye-ipa-1,[u'Chinook Rye IPA'],[u'American IPA'],[u'BJCP'],[u'1'],[u'B'],[u'14'],[u'Ale'],[u'1.056'],[u'1.075'],[u'1.01'],[u'1.018'],[u'40.0'],[u'70.0'],[u'6.0'],[u'15.0'],[u'5.5'],[u'7.5']
stored-xss-biab-apa,[u'Stored XSS - BIAB APA'],[u'American Pale Ale'],[u'BJCP'],[u'1'],[u'A'],[u'10'],[u'Ale'],[u'1.045'],[u'1.06'],[u'1.01'],[u'1.015'],[u'30.0'],[u'45.0'],[u'5.0'],[u'14.0'],[u'4.5'],[u'6.2']
dutch-apple-ale,[u'Dutch Apple Ale'],[u'Fruit Beer'],[u'BJCP'],[u'1'],[u'A'],[u'20'],[u'Ale'],[u'1.0'],[u'1.15'],[u'1.0'],[u'1.15'],[u'0.0'],[u'120.0'],[u'0.0'],[u'40.0'],[u'1.0'],[u'14.0']
dogfish-smashin-punkin-clone,"[u""DogFish 'smashin' Punkin Clone""]",[u'Specialty Beer'],[u'BJCP'],[u'1'],[u'A'],[u'23'],[u'Ale'],[u'1.0'],[u'1.15'],[u'1.0'],[u'1.15'],[u'0.0'],[u'120.0'],[u'0.0'],[u'40.0'],[u'1.0'],[u'14.0']
ziggy-spacedust-ipa-a-smaller-space-dust-clone,[u'Ziggy Spacedust IPA (a smaller Space Dust clone)'],[u'American IPA'],[u'BJCP'],[u'1'],[u'B'],[u'14'],[u'Ale'],[u'1.056'],[u'1.075'],[u'1.01'],[u'1.018'],[u'40.0'],[u'70.0'],[u'6.0'],[u'15.0'],[u'5.5'],[u'7.5']
morning-has-broken-iipa,[u'Morning Has Broken IIPA'],[u'Imperial IPA'],[u'BJCP'],[u'1'],[u'C'],[u'14'],[u'Ale'],[u'1.07'],[u'1.09'],[u'1.01'],[u'1.02'],[u'60.0'],[u'120.0'],[u'8.0'],[u'15.0'],[u'7.5'],[u'10.0']
colt-177-v3,[u'Colt .177 v.3'],[u'Special/Best/Premium Bitter'],[u'BJCP'],[u'1'],[u'B'],[u'8'],[u'Ale'],[u'1.04'],[u'1.048'],[u'1.008'],[u'1.012'],[u'25.0'],[u'40.0'],[u'5.0'],[u'16.0'],[u'3.8'],[u'4.6']
wesley-snipes-chocolate-stout,[u'Wesley Snipes Chocolate Stout'],[u'American Stout'],[u'BJCP'],[u'1'],[u'E'],[u'13'],[u'Ale'],[u'1.05'],[u'1.075'],[u'1.01'],[u'1.022'],[u'35.0'],[u'75.0'],[u'30.0'],[u'40.0'],[u'5.0'],[u'7.0']
ska-modus-hoperandi-clone,[u'Ska Modus Hoperandi Clone'],[u'American IPA'],[u'BJCP'],[u'1'],[u'B'],[u'14'],[u'Ale'],[u'1.056'],[u'1.075'],[u'1.01'],[u'1.018'],[u'40.0'],[u'70.0'],[u'6.0'],[u'15.0'],[u'5.5'],[u'7.5']
pimped-biscuit-2978ed,[u'Pimped Biscuit'],[u'Foreign Extra Stout'],[u'BJCP'],[u'1'],[u'D'],[u'13'],[u'Ale'],[u'1.056'],[u'1.075'],[u'1.01'],[u'1.018'],[u'30.0'],[u'70.0'],[u'30.0'],[u'40.0'],[u'5.5'],[u'8.0']
lenticular,[u'Lenticular'],[u'American IPA'],[u'BJCP'],[u'1'],[u'B'],[u'14'],[u'Ale'],[u'1.056'],[u'1.075'],[u'1.01'],[u'1.018'],[u'40.0'],[u'70.0'],[u'6.0'],[u'15.0'],[u'5.5'],[u'7.5']
extract-founders-breakfast-stout-clone,[u'Extract Founders Breakfast Stout Clone'],[u'American Stout'],[u'BJCP'],[u'1'],[u'E'],[u'13'],[u'Ale'],[u'1.05'],[u'1.075'],[u'1.01'],[u'1.022'],[u'35.0'],[u'75.0'],[u'30.0'],[u'40.0'],[u'5.0'],[u'7.0']
lawnmower-kolsch-4,[u'Lawnmower Kolsch'],[u'K\xf6lsch'],[u'BJCP'],[u'1'],[u'C'],[u'6'],[u'Ale'],[u'1.044'],[u'1.05'],[u'1.007'],[u'1.011'],[u'20.0'],[u'30.0'],[u'3.5'],[u'5.0'],[u'4.4'],[u'5.2']
clone-saison-dupont,[u'Clone - Saison Dupont'],[u'Saison'],[u'BJCP'],[u'1'],[u'C'],[u'16'],[u'Ale'],[u'1.048'],[u'1.065'],[u'1.002'],[u'1.012'],[u'20.0'],[u'35.0'],[u'5.0'],[u'14.0'],[u'5.0'],[u'7.0']
raging-red-irish-red-ale,[u'Raging Red Irish Red Ale'],[u'Irish Red Ale'],[u'BJCP'],[u'1'],[u'D'],[u'9'],[u'Ale'],[u'1.044'],[u'1.06'],[u'1.01'],[u'1.014'],[u'17.0'],[u'28.0'],[u'9.0'],[u'18.0'],[u'4.0'],[u'6.0']
green-man-esb,[u'Green Man E.S.B.'],[u'Extra Special/Strong Bitter (English Pale Ale)'],[u'BJCP'],[u'1'],[u'C'],[u'8'],[u'Ale'],[u'1.048'],[u'1.06'],[u'1.01'],[u'1.016'],[u'30.0'],[u'50.0'],[u'6.0'],[u'18.0'],[u'4.6'],[u'6.2']
stone-xocoveza-clone-f026d4,[u'Stone Xocoveza Clone'],"[u'Spice, Herb, or Vegetable Beer']",[u'BJCP'],[u'1'],[u'A'],[u'21'],[u'Ale'],[u'1.0'],[u'1.15'],[u'1.0'],[u'1.15'],[u'0.0'],[u'120.0'],[u'0.0'],[u'40.0'],[u'1.0'],[u'14.0']
blanche-au-th-vert-green-tea,[u'Blanche au th\xe9 vert (green tea)'],[u'Witbier'],[u'BJCP'],[u'1'],[u'A'],[u'16'],[u'Wheat'],[u'1.044'],[u'1.052'],[u'1.008'],[u'1.012'],[u'10.0'],[u'20.0'],[u'2.0'],[u'4.0'],[u'4.5'],[u'5.5']
121-gigawit,[u'1.21 Gigawit'],[u'Witbier'],[u'BJCP'],[u'1'],[u'A'],[u'16'],[u'Wheat'],[u'1.044'],[u'1.052'],[u'1.008'],[u'1.012'],[u'10.0'],[u'20.0'],[u'2.0'],[u'4.0'],[u'4.5'],[u'5.5']
nb-caribou-slobber-9,[u'NB Caribou Slobber'],[u'American Brown Ale'],[u'BJCP'],[u'1'],[u'C'],[u'10'],[u'Ale'],[u'1.045'],[u'1.06'],[u'1.01'],[u'1.016'],[u'20.0'],[u'40.0'],[u'18.0'],[u'35.0'],[u'4.3'],[u'6.2']
cascade-orange-pale-ale-1,[u'Cascade Orange Pale Ale'],[u'American Pale Ale'],[u'BJCP'],[u'1'],[u'A'],[u'10'],[u'Ale'],[u'1.045'],[u'1.06'],[u'1.01'],[u'1.015'],[u'30.0'],[u'45.0'],[u'5.0'],[u'14.0'],[u'4.5'],[u'6.2']
tafys-rye-pils,"[u""Tafy's Rye Pils""]",[u'German Pilsner (Pils)'],[u'BJCP'],[u'1'],[u'A'],[u'2'],[u'Lager'],[u'1.044'],[u'1.05'],[u'1.008'],[u'1.013'],[u'25.0'],[u'45.0'],[u'2.0'],[u'5.0'],[u'4.4'],[u'5.2']
ace-of-spades-black-ipa-1,[u'Ace of Spades Black IPA'],[u'Specialty Beer'],[u'BJCP'],[u'1'],[u'A'],[u'23'],[u'Ale'],[u'1.0'],[u'1.15'],[u'1.0'],[u'1.15'],[u'0.0'],[u'120.0'],[u'0.0'],[u'40.0'],[u'1.0'],[u'14.0']
summer-solstice-wit,[u'Summer Solstice Wit'],[u'Witbier'],[u'BJCP'],[u'1'],[u'A'],[u'16'],[u'Wheat'],[u'1.044'],[u'1.052'],[u'1.008'],[u'1.012'],[u'10.0'],[u'20.0'],[u'2.0'],[u'4.0'],[u'4.5'],[u'5.5']
sierra-nevada-pale-ale-clone-15,[u'Sierra Nevada Pale Ale Clone'],[u'American Pale Ale'],[u'BJCP'],[u'1'],[u'A'],[u'10'],[u'Ale'],[u'1.045'],[u'1.06'],[u'1.01'],[u'1.015'],[u'30.0'],[u'45.0'],[u'5.0'],[u'14.0'],[u'4.5'],[u'6.2']
patersbier-25,[u'Patersbier'],[u'Belgian Specialty Ale'],[u'BJCP'],[u'1'],[u'E'],[u'16'],[u'Ale'],[u'1.0'],[u'1.15'],[u'1.0'],[u'1.15'],[u'0.0'],[u'120.0'],[u'0.0'],[u'40.0'],[u'1.0'],[u'14.0']
oataa,[u'Oataa'],[u'American Stout'],[u'BJCP'],[u'1'],[u'E'],[u'13'],[u'Ale'],[u'1.05'],[u'1.075'],[u'1.01'],[u'1.022'],[u'35.0'],[u'75.0'],[u'30.0'],[u'40.0'],[u'5.0'],[u'7.0']
hawaiian-pale-ale-1,[u'Hawaiian Pale Ale'],[u'American IPA'],[u'BJCP'],[u'1'],[u'B'],[u'14'],[u'Ale'],[u'1.056'],[u'1.075'],[u'1.01'],[u'1.018'],[u'40.0'],[u'70.0'],[u'6.0'],[u'15.0'],[u'5.5'],[u'7.5']
caribou-slobber-38,[u'Caribou Slobber'],[u'American Brown Ale'],[u'BJCP'],[u'1'],[u'C'],[u'10'],[u'Ale'],[u'1.045'],[u'1.06'],[u'1.01'],[u'1.016'],[u'20.0'],[u'40.0'],[u'18.0'],[u'35.0'],[u'4.3'],[u'6.2']
jamils-north-german-altbier,"[u""Jamil's North German Altbier""]",[u'Northern German Altbier'],[u'BJCP'],[u'1'],[u'A'],[u'7'],[u'Ale'],[u'1.046'],[u'1.054'],[u'1.01'],[u'1.015'],[u'25.0'],[u'40.0'],[u'13.0'],[u'19.0'],[u'4.5'],[u'5.2']
2015-galaxy,[u'2015 Galaxy'],[u'American Pale Ale'],[u'BJCP'],[u'1'],[u'A'],[u'10'],[u'Ale'],[u'1.045'],[u'1.06'],[u'1.01'],[u'1.015'],[u'30.0'],[u'45.0'],[u'5.0'],[u'14.0'],[u'4.5'],[u'6.2']
lucky-jack,[u'Lucky Jack'],[u'American Pale Ale'],[u'BJCP'],[u'1'],[u'A'],[u'10'],[u'Ale'],[u'1.045'],[u'1.06'],[u'1.01'],[u'1.015'],[u'30.0'],[u'45.0'],[u'5.0'],[u'14.0'],[u'4.5'],[u'6.2']
iron-beard-dark,[u'Iron Beard Dark'],[u'English Barleywine'],[u'BJCP'],[u'1'],[u'B'],[u'19'],[u'Ale'],[u'1.08'],[u'1.12'],[u'1.018'],[u'1.03'],[u'35.0'],[u'70.0'],[u'8.0'],[u'22.0'],[u'8.0'],[u'12.0']
scotty-1,[u'Scotty'],[u'Scottish Heavy 70/-'],[u'BJCP'],[u'1'],[u'B'],[u'9'],[u'Ale'],[u'1.035'],[u'1.04'],[u'1.01'],[u'1.015'],[u'10.0'],[u'25.0'],[u'9.0'],[u'17.0'],[u'3.2'],[u'3.9']
columbus-single-hop-ipa-2,[u'Columbus Single Hop IPA'],[u'American IPA'],[u'BJCP'],[u'1'],[u'B'],[u'14'],[u'Ale'],[u'1.056'],[u'1.075'],[u'1.01'],[u'1.018'],[u'40.0'],[u'70.0'],[u'6.0'],[u'15.0'],[u'5.5'],[u'7.5']
fawnbrake-gingerbread-ale,[u'Fawnbrake Gingerbread Ale'],[u'Christmas/Winter Specialty Spiced Beer'],[u'BJCP'],[u'1'],[u'B'],[u'21'],[u'Ale'],[u'1.0'],[u'1.15'],[u'1.0'],[u'1.15'],[u'0.0'],[u'120.0'],[u'0.0'],[u'40.0'],[u'1.0'],[u'14.0']
jamils-byo-irish-red-ale,"[u""Jamil's BYO Irish Red Ale""]",[u'Irish Red Ale'],[u'BJCP'],[u'1'],[u'D'],[u'9'],[u'Ale'],[u'1.044'],[u'1.06'],[u'1.01'],[u'1.014'],[u'17.0'],[u'28.0'],[u'9.0'],[u'18.0'],[u'4.0'],[u'6.0']
mocha-coffee-stout,[u'Mocha Coffee Stout'],[u'Sweet Stout'],[u'BJCP'],[u'1'],[u'B'],[u'13'],[u'Ale'],[u'1.044'],[u'1.06'],[u'1.012'],[u'1.024'],[u'20.0'],[u'40.0'],[u'30.0'],[u'40.0'],[u'4.0'],[u'6.0']
strawberry-explosion,[u'Strawberry Explosion?!?'],[u'Fruit Beer'],[u'BJCP'],[u'1'],[u'A'],[u'20'],[u'Ale'],[u'1.0'],[u'1.15'],[u'1.0'],[u'1.15'],[u'0.0'],[u'120.0'],[u'0.0'],[u'40.0'],[u'1.0'],[u'14.0']
allagash-white-clone-11,[u'Allagash White Clone'],[u'Witbier'],[u'BJCP'],[u'1'],[u'A'],[u'16'],[u'Wheat'],[u'1.044'],[u'1.052'],[u'1.008'],[u'1.012'],[u'10.0'],[u'20.0'],[u'2.0'],[u'4.0'],[u'4.5'],[u'5.5']
american-honey-blonde,[u'American Honey Blonde'],[u'Blonde Ale'],[u'BJCP'],[u'1'],[u'B'],[u'6'],[u'Ale'],[u'1.038'],[u'1.054'],[u'1.008'],[u'1.013'],[u'15.0'],[u'28.0'],[u'3.0'],[u'6.0'],[u'3.8'],[u'5.5']
zeitgeist-51d519,[u'Zeitgeist'],[u'American Brown Ale'],[u'BJCP'],[u'1'],[u'C'],[u'10'],[u'Ale'],[u'1.045'],[u'1.06'],[u'1.01'],[u'1.016'],[u'20.0'],[u'40.0'],[u'18.0'],[u'35.0'],[u'4.3'],[u'6.2']
dead-ringer-ipa-9,[u'Dead Ringer IPA'],[u'American IPA'],[u'BJCP'],[u'1'],[u'B'],[u'14'],[u'Ale'],[u'1.056'],[u'1.075'],[u'1.01'],[u'1.018'],[u'40.0'],[u'70.0'],[u'6.0'],[u'15.0'],[u'5.5'],[u'7.5']
outter-limits-ipa,[u'Outter Limits IPA'],[u'American IPA'],[u'BJCP'],[u'1'],[u'B'],[u'14'],[u'Ale'],[u'1.056'],[u'1.075'],[u'1.01'],[u'1.018'],[u'40.0'],[u'70.0'],[u'6.0'],[u'15.0'],[u'5.5'],[u'7.5']
smoked-cherry-wit,[u'Smoked Cherry Wit'],[u'Belgian Blond Ale'],[u'BJCP'],[u'1'],[u'A'],[u'18'],[u'Ale'],[u'1.062'],[u'1.075'],[u'1.008'],[u'1.018'],[u'15.0'],[u'30.0'],[u'4.0'],[u'7.0'],[u'6.0'],[u'7.5']
dennys-rye-ipa-21,"[u""Denny's Rye IPA""]",[u'American IPA'],[u'BJCP'],[u'1'],[u'B'],[u'14'],[u'Ale'],[u'1.056'],[u'1.075'],[u'1.01'],[u'1.018'],[u'40.0'],[u'70.0'],[u'6.0'],[u'15.0'],[u'5.5'],[u'7.5']
freshly-squeezed-nugs,[u'Freshly Squeezed Nugs'],[u'American IPA'],[u'BJCP'],[u'1'],[u'B'],[u'14'],[u'Ale'],[u'1.056'],[u'1.075'],[u'1.01'],[u'1.018'],[u'40.0'],[u'70.0'],[u'6.0'],[u'15.0'],[u'5.5'],[u'7.5']
extract-tripel,[u'Extract Tripel'],[u'Belgian Tripel'],[u'BJCP'],[u'1'],[u'C'],[u'18'],[u'Ale'],[u'1.075'],[u'1.085'],[u'1.008'],[u'1.014'],[u'20.0'],[u'40.0'],[u'4.5'],[u'7.0'],[u'7.5'],[u'9.5']
simple-biab-imperial-black-ipa,[u'Simple BIAB Imperial Black IPA'],[u'Imperial IPA'],[u'BJCP'],[u'1'],[u'C'],[u'14'],[u'Ale'],[u'1.07'],[u'1.09'],[u'1.01'],[u'1.02'],[u'60.0'],[u'120.0'],[u'8.0'],[u'15.0'],[u'7.5'],[u'10.0']
tennessee-springtime-wheat,[u'Tennessee Springtime Wheat'],[u'American Wheat or Rye Beer'],[u'BJCP'],[u'1'],[u'D'],[u'6'],[u'Wheat'],[u'1.04'],[u'1.055'],[u'1.008'],[u'1.013'],[u'15.0'],[u'30.0'],[u'3.0'],[u'6.0'],[u'4.0'],[u'5.5']
brett-saison-7,[u'Brett Saison'],[u'Saison'],[u'BJCP'],[u'1'],[u'C'],[u'16'],[u'Ale'],[u'1.048'],[u'1.065'],[u'1.002'],[u'1.012'],[u'20.0'],[u'35.0'],[u'5.0'],[u'14.0'],[u'5.0'],[u'7.0']
3-floyds-gumballhead-clone,"[u""3 Floyds' Gumballhead clone""]",[u'American Wheat or Rye Beer'],[u'BJCP'],[u'1'],[u'D'],[u'6'],[u'Wheat'],[u'1.04'],[u'1.055'],[u'1.008'],[u'1.013'],[u'15.0'],[u'30.0'],[u'3.0'],[u'6.0'],[u'4.0'],[u'5.5']
german-pilsner-43,[u'German Pilsner'],[u'German Pilsner (Pils)'],[u'BJCP'],[u'1'],[u'A'],[u'2'],[u'Lager'],[u'1.044'],[u'1.05'],[u'1.008'],[u'1.013'],[u'25.0'],[u'45.0'],[u'2.0'],[u'5.0'],[u'4.4'],[u'5.2']
smashing-german-blonde-with-a-perle-necklace,[u'SMaSHing German Blonde with a Perle Necklace'],[u'Blonde Ale'],[u'BJCP'],[u'1'],[u'B'],[u'6'],[u'Ale'],[u'1.038'],[u'1.054'],[u'1.008'],[u'1.013'],[u'15.0'],[u'28.0'],[u'3.0'],[u'6.0'],[u'3.8'],[u'5.5']
zombie-dust-ipa-clone,[u'Zombie Dust IPA Clone'],[u'American IPA'],[u'BJCP'],[u'1'],[u'B'],[u'14'],[u'Ale'],[u'1.056'],[u'1.075'],[u'1.01'],[u'1.018'],[u'40.0'],[u'70.0'],[u'6.0'],[u'15.0'],[u'5.5'],[u'7.5']
belgian-lemon-orange-wheat,[u'Belgian Lemon Orange Wheat'],[u'Belgian Blond Ale'],[u'BJCP'],[u'1'],[u'A'],[u'18'],[u'Ale'],[u'1.062'],[u'1.075'],[u'1.008'],[u'1.018'],[u'15.0'],[u'30.0'],[u'4.0'],[u'7.0'],[u'6.0'],[u'7.5']
german-pilsner-8,[u'German Pilsner'],[u'German Pilsner (Pils)'],[u'BJCP'],[u'1'],[u'A'],[u'2'],[u'Lager'],[u'1.044'],[u'1.05'],[u'1.008'],[u'1.013'],[u'25.0'],[u'45.0'],[u'2.0'],[u'5.0'],[u'4.4'],[u'5.2']
ommegang-abbey-ale,[u'Ommegang Abbey Ale'],[u'Belgian Dubbel'],[u'BJCP'],[u'1'],[u'B'],[u'18'],[u'Ale'],[u'1.062'],[u'1.075'],[u'1.008'],[u'1.018'],[u'15.0'],[u'25.0'],[u'10.0'],[u'17.0'],[u'6.0'],[u'7.6']
double-dawg-dare-ipa-v2,[u'Double Dawg Dare IPA V2'],[u'American IPA'],[u'BJCP'],[u'1'],[u'B'],[u'14'],[u'Ale'],[u'1.056'],[u'1.075'],[u'1.01'],[u'1.018'],[u'40.0'],[u'70.0'],[u'6.0'],[u'15.0'],[u'5.5'],[u'7.5']
proper-job,[u'Proper Job'],[u'English IPA'],[u'BJCP'],[u'1'],[u'A'],[u'14'],[u'Ale'],[u'1.05'],[u'1.075'],[u'1.01'],[u'1.018'],[u'40.0'],[u'60.0'],[u'8.0'],[u'14.0'],[u'5.0'],[u'7.5']
bells-two-hearted-beersmith,[u'Bells Two Hearted (BeerSmith)'],[u'American IPA'],[u'BJCP'],[u'1'],[u'B'],[u'14'],[u'Ale'],[u'1.056'],[u'1.075'],[u'1.01'],[u'1.018'],[u'40.0'],[u'70.0'],[u'6.0'],[u'15.0'],[u'5.5'],[u'7.5']
october-sky-fresh-hop-brown-ale,[u'October Sky - Fresh Hop Brown Ale'],[u'American Brown Ale'],[u'BJCP'],[u'1'],[u'C'],[u'10'],[u'Ale'],[u'1.045'],[u'1.06'],[u'1.01'],[u'1.016'],[u'20.0'],[u'40.0'],[u'18.0'],[u'35.0'],[u'4.3'],[u'6.2']
robust-porter-v3,[u'Robust Porter V3'],[u'Robust Porter'],[u'BJCP'],[u'1'],[u'B'],[u'12'],[u'Ale'],[u'1.048'],[u'1.065'],[u'1.012'],[u'1.016'],[u'25.0'],[u'50.0'],[u'22.0'],[u'35.0'],[u'4.8'],[u'6.5']
springtime-red-ipa,[u'Springtime Red IPA'],[u'American IPA'],[u'BJCP'],[u'1'],[u'B'],[u'14'],[u'Ale'],[u'1.056'],[u'1.075'],[u'1.01'],[u'1.018'],[u'40.0'],[u'70.0'],[u'6.0'],[u'15.0'],[u'5.5'],[u'7.5']
hoegaarden-clone-26,[u'Hoegaarden Clone'],[u'Witbier'],[u'BJCP'],[u'1'],[u'A'],[u'16'],[u'Wheat'],[u'1.044'],[u'1.052'],[u'1.008'],[u'1.012'],[u'10.0'],[u'20.0'],[u'2.0'],[u'4.0'],[u'4.5'],[u'5.5']
all-citra-ale,[u'All Citra Ale'],[u'American IPA'],[u'BJCP'],[u'1'],[u'B'],[u'14'],[u'Ale'],[u'1.056'],[u'1.075'],[u'1.01'],[u'1.018'],[u'40.0'],[u'70.0'],[u'6.0'],[u'15.0'],[u'5.5'],[u'7.5']
grapefruit-ipa-87c8c3,[u'Grapefruit IPA'],[u'American IPA'],[u'BJCP'],[u'1'],[u'B'],[u'14'],[u'Ale'],[u'1.056'],[u'1.075'],[u'1.01'],[u'1.018'],[u'40.0'],[u'70.0'],[u'6.0'],[u'15.0'],[u'5.5'],[u'7.5']
citra-amarillo-ipa,[u'Citra/Amarillo IPA'],[u'American IPA'],[u'BJCP'],[u'1'],[u'B'],[u'14'],[u'Ale'],[u'1.056'],[u'1.075'],[u'1.01'],[u'1.018'],[u'40.0'],[u'70.0'],[u'6.0'],[u'15.0'],[u'5.5'],[u'7.5']
love-you-long-time-ipa,[u'Love You Long Time IPA'],[u'American IPA'],[u'BJCP'],[u'1'],[u'B'],[u'14'],[u'Ale'],[u'1.056'],[u'1.075'],[u'1.01'],[u'1.018'],[u'40.0'],[u'70.0'],[u'6.0'],[u'15.0'],[u'5.5'],[u'7.5']
wee-heavy-51,[u'Wee Heavy'],[u'Strong Scotch Ale'],[u'BJCP'],[u'1'],[u'E'],[u'9'],[u'Ale'],[u'1.07'],[u'1.13'],[u'1.018'],[u'1.13'],[u'17.0'],[u'35.0'],[u'14.0'],[u'25.0'],[u'6.5'],[u'10.0']
house-red-ale,[u'House Red Ale'],[u'Irish Red Ale'],[u'BJCP'],[u'1'],[u'D'],[u'9'],[u'Ale'],[u'1.044'],[u'1.06'],[u'1.01'],[u'1.014'],[u'17.0'],[u'28.0'],[u'9.0'],[u'18.0'],[u'4.0'],[u'6.0']
sierra-nevada-pale-ale-clone-65,[u'Sierra Nevada Pale Ale Clone'],[u'American Pale Ale'],[u'BJCP'],[u'1'],[u'A'],[u'10'],[u'Ale'],[u'1.045'],[u'1.06'],[u'1.01'],[u'1.015'],[u'30.0'],[u'45.0'],[u'5.0'],[u'14.0'],[u'4.5'],[u'6.2']
vanilla-bourbon-stout-18,[u'Vanilla Bourbon Stout'],[u'Sweet Stout'],[u'BJCP'],[u'1'],[u'B'],[u'13'],[u'Ale'],[u'1.044'],[u'1.06'],[u'1.012'],[u'1.024'],[u'20.0'],[u'40.0'],[u'30.0'],[u'40.0'],[u'4.0'],[u'6.0']
woodys-wit,"[u""Woody's Wit""]",[u'Witbier'],[u'BJCP'],[u'1'],[u'A'],[u'16'],[u'Wheat'],[u'1.044'],[u'1.052'],[u'1.008'],[u'1.012'],[u'10.0'],[u'20.0'],[u'2.0'],[u'4.0'],[u'4.5'],[u'5.5']
belgian-pale-62,[u'belgian pale'],[u'Belgian Pale Ale'],[u'BJCP'],[u'1'],[u'B'],[u'16'],[u'Ale'],[u'1.048'],[u'1.054'],[u'1.01'],[u'1.014'],[u'20.0'],[u'30.0'],[u'8.0'],[u'14.0'],[u'4.8'],[u'5.5']
